time (us), GPS_fixType, GPS_numSat, GPS_coord[0], GPS_coord[1], GPS_altitude, GPS_speed (m/s), GPS_ground_course, GPS_hdop, GPS_eph, GPS_epv, GPS_velned[0], GPS_velned[1], GPS_velned[2]
18087484, 2, 16, 47.5637768, -122.0828362, 14, 0.04, 358.2, 131, 234, 330, -3, -2, 9
18117611, 2, 16, 47.5637768, -122.0828362, 14, 0.04, 358.2, 131, 234, 330, -3, -2, 9
18258234, 2, 16, 47.5637769, -122.0828363, 14, 0.06, 358.2, 131, 232, 327, -6, 0, 9
18438908, 2, 16, 47.5637770, -122.0828363, 14, 0.06, 358.2, 131, 229, 323, -6, 0, 9
18659697, 2, 16, 47.5637772, -122.0828364, 14, 0.04, 358.2, 131, 226, 319, -4, -1, 10
18860491, 2, 16, 47.5637771, -122.0828365, 14, 0.11, 358.2, 131, 224, 315, -11, 0, 13
19061240, 2, 16, 47.5637772, -122.0828366, 14, 0.09, 358.2, 131, 221, 312, -9, 0, 25
19243879, 2, 16, 47.5637770, -122.0828367, 14, 0.09, 358.2, 131, 219, 308, -9, 0, 25
19623263, 2, 16, 47.5637768, -122.0828368, 14, 0.15, 358.2, 131, 215, 302, -15, 1, 37
19804499, 2, 16, 47.5637767, -122.0828369, 14, 0.24, 358.2, 131, 213, 300, -24, -2, 44
20407315, 2, 16, 47.5637767, -122.0828370, 14, 0.11, 358.2, 131, 208, 292, -11, 0, 35
20602843, 2, 16, 47.5637767, -122.0828371, 14, 0.13, 358.2, 131, 206, 289, -13, -2, 25
20850499, 2, 16, 47.5637770, -122.0828371, 14, 0.13, 358.2, 131, 204, 287, -13, -2, 25
21051321, 2, 16, 47.5637771, -122.0828372, 14, 0.05, 358.2, 131, 203, 284, -5, -1, 17
21251999, 2, 16, 47.5637771, -122.0828373, 14, 0.07, 358.2, 131, 201, 282, -7, -2, 17
21452813, 2, 16, 47.5637772, -122.0828373, 14, 0.06, 358.2, 131, 200, 280, -6, 2, 12
21651852, 2, 16, 47.5637771, -122.0828374, 14, 0.07, 358.2, 131, 199, 278, -6, -1, 11
21852562, 2, 16, 47.5637770, -122.0828374, 14, 0.07, 358.2, 131, 197, 276, -6, -1, 11
22053419, 2, 16, 47.5637769, -122.0828374, 14, 0.18, 358.2, 131, 196, 274, -18, 0, 31
22234100, 2, 16, 47.5637767, -122.0828374, 14, 0.05, 358.2, 131, 195, 272, -5, -1, 19
22454904, 2, 16, 47.5637769, -122.0828374, 14, 0.01, 358.2, 131, 194, 270, 0, -1, 10
22655923, 2, 16, 47.5637769, -122.0828375, 14, 0.05, 358.2, 131, 192, 269, -3, -3, 11
23057236, 2, 16, 47.5637768, -122.0828376, 14, 0.08, 358.2, 131, 190, 265, -8, -1, 18
23258131, 2, 16, 47.5637768, -122.0828377, 14, 0.19, 358.2, 131, 189, 264, -19, 1, 35
23438829, 2, 16, 47.5637768, -122.0828379, 14, 0.19, 358.2, 131, 188, 262, -19, 1, 35
23657812, 2, 16, 47.5637770, -122.0828379, 14, 0.05, 358.2, 131, 187, 261, -3, 4, 19
24059370, 2, 16, 47.5637768, -122.0828380, 14, 0.14, 358.2, 131, 185, 258, -14, 0, 21
24260263, 2, 16, 47.5637769, -122.0828381, 13, 0.05, 358.2, 131, 184, 257, 5, -1, 10
24661776, 2, 16, 47.5637770, -122.0828382, 13, 0.07, 358.2, 131, 183, 255, 7, -1, -7
24862564, 2, 16, 47.5637769, -122.0828380, 14, 0.07, 358.2, 131, 183, 254, 7, -1, -7
25063323, 2, 16, 47.5637772, -122.0828384, 14, 0.08, 358.2, 131, 182, 254, 3, 8, -22
25264068, 2, 16, 47.5637769, -122.0828383, 14, 0.13, 358.2, 131, 182, 253, 9, -10, -22
25464837, 2, 16, 47.5637764, -122.0828384, 13, 0.15, 358.2, 131, 181, 252, 11, 10, -16
25665568, 2, 16, 47.5637756, -122.0828386, 13, 0.18, 358.2, 131, 180, 252, 16, 9, -21
25866241, 2, 16, 47.5637752, -122.0828381, 13, 0.18, 358.2, 131, 180, 252, 16, 9, -21
26047154, 2, 17, 47.5637752, -122.0828381, 13, 0.32, 358.2, 124, 180, 252, 19, 26, -20
26067249, 2, 17, 47.5637754, -122.0828384, 13, 0.24, 358.2, 124, 180, 251, 24, 4, -20
26267954, 2, 17, 47.5637750, -122.0828388, 13, 0.24, 358.2, 124, 179, 251, 24, 1, -16
26346219, 2, 17, 47.5637750, -122.0828388, 13, 0.24, 358.2, 124, 179, 251, 24, 1, -16
26468866, 2, 17, 47.5637746, -122.0828394, 13, 0.14, 358.2, 124, 179, 250, 13, 3, -10
26669555, 2, 17, 47.5637740, -122.0828399, 13, 0.06, 358.2, 124, 178, 249, 4, 5, -11
26870339, 2, 17, 47.5637736, -122.0828401, 13, 0.06, 358.2, 124, 178, 248, 4, 5, -11
27069316, 2, 17, 47.5637734, -122.0828403, 13, 0.05, 358.2, 124, 177, 248, 4, 3, -11
27270003, 2, 17, 47.5637730, -122.0828403, 13, 0.06, 358.2, 124, 177, 247, -2, 6, -13
27450797, 2, 17, 47.5637728, -122.0828402, 13, 0.06, 358.2, 124, 176, 247, -2, 6, -13
27651675, 2, 17, 47.5637728, -122.0828403, 13, 0.08, 358.2, 124, 176, 246, 8, 2, -12
27852306, 2, 17, 47.5637724, -122.0828407, 13, 0.15, 358.2, 124, 175, 245, 15, 0, -14
28053114, 2, 17, 47.5637719, -122.0828417, 13, 0.06, 358.2, 124, 175, 244, 2, 5, -9
28253850, 2, 17, 47.5637715, -122.0828429, 13, 0.14, 358.2, 124, 174, 243, 14, -1, -4
28436518, 2, 17, 47.5637712, -122.0828432, 13, 0.14, 358.2, 124, 174, 242, 14, -1, -4
28653570, 2, 17, 47.5637710, -122.0828434, 13, 0.05, 358.2, 124, 173, 242, 3, 4, 1
28854242, 2, 17, 47.5637706, -122.0828435, 13, 0.07, 358.2, 124, 172, 241, -6, 5, 2
29034886, 2, 17, 47.5637704, -122.0828435, 13, 0.07, 358.2, 124, 172, 241, -6, 5, 2
29255903, 2, 17, 47.5637701, -122.0828438, 13, 0.04, 358.2, 124, 171, 241, 1, -4, 3
29456600, 2, 17, 47.5637697, -122.0828441, 13, 0.10, 358.2, 124, 171, 240, -8, -5, 7
29657479, 2, 17, 47.5637694, -122.0828447, 13, 0.09, 358.2, 124, 170, 239, -7, -5, 0
29856230, 2, 17, 47.5637691, -122.0828452, 13, 0.09, 358.2, 124, 169, 238, -7, -5, 0
30036866, 2, 17, 47.5637689, -122.0828456, 13, 0.10, 358.2, 124, 168, 237, -9, -4, 2
30257920, 2, 17, 47.5637686, -122.0828458, 13, 0.06, 358.2, 124, 168, 236, -6, 0, 2
30438597, 2, 16, 47.5637686, -122.0828458, 13, 0.06, 358.2, 126, 168, 236, -6, 0, 2
30458678, 2, 16, 47.5637685, -122.0828460, 13, 0.08, 358.2, 126, 168, 235, 3, -7, 0
30659396, 2, 16, 47.5637684, -122.0828460, 13, 0.03, 358.2, 126, 167, 234, -2, -3, -3
30860167, 2, 16, 47.5637682, -122.0828461, 13, 0.09, 358.2, 126, 167, 234, 2, -9, -11
31060888, 2, 16, 47.5637681, -122.0828461, 13, 0.10, 358.2, 126, 167, 233, 4, -9, -24
31241551, 2, 17, 47.5637681, -122.0828461, 13, 0.10, 358.2, 124, 167, 233, 4, -9, -24
31263648, 2, 17, 47.5637679, -122.0828460, 13, 0.11, 358.2, 124, 167, 232, 10, -5, -31
31442353, 2, 17, 47.5637682, -122.0828464, 13, 0.11, 358.2, 124, 167, 232, 10, -5, -31
31643071, 2, 17, 47.5637682, -122.0828463, 13, 0.23, 358.2, 124, 167, 231, 19, -13, -30
31863854, 2, 17, 47.5637683, -122.0828463, 13, 0.12, 358.2, 124, 166, 230, 12, -2, -21
32044723, 2, 17, 47.5637682, -122.0828464, 13, 0.12, 358.2, 124, 166, 229, 12, -2, -21
32265477, 2, 17, 47.5637679, -122.0828466, 13, 0.06, 358.2, 124, 165, 229, 6, -3, -17
32466136, 2, 17, 47.5637677, -122.0828469, 13, 0.03, 358.2, 124, 165, 228, -1, -3, -8
32667001, 2, 17, 47.5637672, -122.0828472, 13, 0.07, 358.2, 124, 164, 228, -5, -5, 6
32869721, 2, 16, 47.5637672, -122.0828472, 13, 0.07, 358.2, 126, 164, 228, -5, -5, 6
32887776, 2, 16, 47.5637669, -122.0828474, 13, 0.03, 358.2, 126, 164, 228, -2, -3, 5
33068711, 2, 16, 47.5637663, -122.0828476, 13, 0.09, 358.2, 126, 164, 227, 5, -8, 20
33269462, 2, 16, 47.5637660, -122.0828477, 13, 0.11, 358.2, 126, 163, 227, 8, -8, 17
33450076, 2, 17, 47.5637660, -122.0828477, 13, 0.11, 358.2, 124, 163, 227, 8, -8, 17
33470169, 2, 17, 47.5637655, -122.0828475, 13, 0.11, 358.2, 124, 163, 227, 8, -8, 17
33670976, 2, 17, 47.5637649, -122.0828474, 13, 0.06, 358.2, 124, 163, 226, -3, 6, 6
33871680, 2, 17, 47.5637641, -122.0828474, 13, 0.06, 358.2, 124, 162, 226, -4, -5, 2
34052299, 2, 16, 47.5637641, -122.0828474, 13, 0.06, 358.2, 126, 162, 226, -4, -5, 2
34072350, 2, 16, 47.5637633, -122.0828477, 13, 0.11, 358.2, 126, 162, 226, -6, -9, -5
34253077, 2, 16, 47.5637626, -122.0828474, 13, 0.11, 358.2, 126, 161, 225, -6, -9, -5
34453810, 2, 16, 47.5637620, -122.0828479, 13, 0.16, 358.2, 126, 161, 225, -15, -5, -13
34570247, 2, 16, 47.5637620, -122.0828479, 13, 0.28, 358.2, 126, 161, 225, -23, -16, -22
34634507, 2, 17, 47.5637620, -122.0828479, 13, 0.28, 358.2, 124, 161, 225, -23, -16, -22
34654558, 2, 17, 47.5637620, -122.0828486, 13, 0.28, 358.2, 124, 161, 226, -23, -16, -22
34855407, 2, 17, 47.5637609, -122.0828492, 13, 0.18, 358.2, 124, 160, 225, -1, -18, -20
35054236, 2, 17, 47.5637602, -122.0828496, 13, 0.39, 288.7, 124, 159, 225, -33, -21, -9
35254952, 2, 17, 47.5637587, -122.0828497, 13, 0.37, 232.4, 124, 159, 224, -37, 3, -16
35455836, 2, 17, 47.5637575, -122.0828502, 13, 0.28, 232.4, 124, 159, 223, -28, -2, -28
35636479, 2, 16, 47.5637575, -122.0828502, 13, 0.28, 232.4, 126, 159, 223, -28, -2, -28
35656563, 2, 16, 47.5637572, -122.0828502, 13, 0.15, 232.4, 126, 158, 222, -12, -9, -23
35837181, 2, 17, 47.5637572, -122.0828502, 13, 0.15, 232.4, 124, 158, 222, -12, -9, -23
35857262, 2, 17, 47.5637571, -122.0828505, 13, 0.09, 232.4, 124, 158, 222, 0, -9, -21
36056278, 2, 17, 47.5637567, -122.0828510, 13, 0.10, 232.4, 124, 158, 222, 3, -9, -15
36257003, 2, 17, 47.5637566, -122.0828512, 13, 0.09, 232.4, 124, 158, 222, 4, -8, -15
36457785, 2, 17, 47.5637563, -122.0828512, 13, 0.05, 232.4, 124, 157, 221, -3, 3, -9
36660577, 2, 17, 47.5637560, -122.0828515, 13, 0.05, 232.4, 124, 157, 221, -3, 3, -9
36859295, 2, 17, 47.5637557, -122.0828516, 12, 0.02, 232.4, 124, 157, 220, 0, -2, -7
37058338, 2, 17, 47.5637555, -122.0828520, 12, 0.02, 232.4, 124, 156, 220, 0, 2, 0
37259050, 2, 17, 47.5637553, -122.0828521, 12, 0.02, 232.4, 124, 156, 219, -1, -2, 3
37459789, 2, 17, 47.5637551, -122.0828522, 12, 0.00, 232.4, 124, 156, 219, 0, 0, 2
37660698, 2, 17, 47.5637549, -122.0828524, 12, 0.02, 232.4, 124, 156, 218, -1, -1, 7
37861457, 2, 17, 47.5637546, -122.0828525, 12, 0.06, 232.4, 124, 155, 218, -6, 2, 15
38080510, 2, 17, 47.5637536, -122.0828529, 12, 0.11, 232.4, 124, 155, 218, -10, -4, 19
38261157, 2, 17, 47.5637526, -122.0828531, 12, 0.07, 232.4, 124, 155, 218, 7, 3, 16
38461899, 2, 17, 47.5637516, -122.0828537, 12, 0.04, 232.4, 124, 154, 218, -3, -2, 16
38662664, 2, 17, 47.5637504, -122.0828538, 12, 0.13, 232.4, 124, 154, 218, -13, -3, 13
38863306, 2, 17, 47.5637491, -122.0828540, 12, 0.13, 232.4, 124, 153, 218, -13, -3, 13
39064071, 2, 17, 47.5637486, -122.0828538, 12, 0.10, 232.4, 124, 153, 218, -9, 4, 19
39264937, 2, 17, 47.5637483, -122.0828539, 11, 0.09, 232.4, 124, 153, 218, 1, -9, 24
39465658, 2, 17, 47.5637481, -122.0828538, 11, 0.05, 232.4, 124, 153, 218, -5, -2, 13
39666555, 2, 17, 47.5637472, -122.0828542, 11, 0.18, 232.4, 124, 153, 218, -18, 1, 21
39867231, 2, 17, 47.5637463, -122.0828539, 11, 0.25, 232.4, 124, 153, 218, -22, 13, 10
40067997, 2, 17, 47.5637457, -122.0828543, 11, 0.10, 232.4, 124, 153, 218, -3, -9, 12
40268799, 2, 17, 47.5637452, -122.0828538, 11, 0.15, 232.4, 125, 153, 217, -11, 11, 7
40469502, 2, 17, 47.5637447, -122.0828536, 11, 0.03, 232.4, 125, 153, 217, -2, -2, 5
40690265, 2, 17, 47.5637443, -122.0828528, 11, 0.05, 232.4, 125, 153, 217, -4, 4, -1
40870999, 2, 17, 47.5637441, -122.0828523, 11, 0.05, 232.4, 125, 153, 216, -4, 4, -1
41069885, 2, 17, 47.5637440, -122.0828520, 11, 0.01, 232.4, 125, 152, 216, 0, -1, -3
41270712, 2, 17, 47.5637439, -122.0828520, 11, 0.02, 232.4, 125, 152, 216, 2, 1, -12
41471559, 2, 17, 47.5637439, -122.0828518, 11, 0.11, 232.4, 125, 152, 215, 9, -6, -6
41672275, 2, 17, 47.5637442, -122.0828523, 11, 0.12, 232.4, 125, 152, 215, 9, 8, -18
41893013, 2, 17, 47.5637439, -122.0828521, 11, 0.12, 232.4, 125, 152, 215, 7, 10, -25
42072013, 2, 17, 47.5637438, -122.0828523, 11, 0.12, 232.4, 125, 152, 215, 7, 10, -25
42292763, 2, 17, 47.5637439, -122.0828526, 11, 0.07, 232.4, 125, 152, 216, 7, 3, -23
42473477, 2, 17, 47.5637447, -122.0828531, 11, 0.07, 232.4, 125, 153, 216, 7, 3, -23
42674268, 2, 17, 47.5637449, -122.0828528, 11, 0.29, 232.4, 125, 154, 217, 27, -13, -29
42794691, 2, 17, 47.5637449, -122.0828528, 11, 0.10, 232.4, 125, 154, 217, 3, 9, -33
42874998, 2, 17, 47.5637453, -122.0828526, 11, 0.10, 232.4, 125, 154, 217, 3, 9, -33
43073929, 2, 17, 47.5637456, -122.0828528, 11, 0.21, 232.4, 125, 154, 218, 21, -5, -24
43274590, 2, 17, 47.5637459, -122.0828528, 11, 0.21, 232.4, 125, 154, 219, 21, -5, -24
43475283, 2, 17, 47.5637461, -122.0828522, 11, 0.21, 232.4, 125, 154, 219, 21, -4, -14
43676172, 2, 17, 47.5637462, -122.0828519, 11, 0.22, 232.4, 125, 154, 219, 22, 2, -8
43876876, 2, 17, 47.5637459, -122.0828519, 11, 0.10, 232.4, 125, 154, 219, 9, -3, -3
44057459, 2, 17, 47.5637458, -122.0828516, 11, 0.13, 232.4, 125, 154, 219, -13, 4, 5
44236344, 2, 18, 47.5637458, -122.0828516, 11, 0.05, 232.4, 116, 154, 219, -5, 1, 10
44256417, 2, 18, 47.5637455, -122.0828519, 11, 0.05, 232.4, 116, 154, 219, -5, 1, 10
44437080, 2, 17, 47.5637455, -122.0828519, 11, 0.19, 232.4, 125, 154, 219, -19, -2, 15
44457158, 2, 17, 47.5637455, -122.0828529, 11, 0.19, 232.4, 125, 153, 218, -19, -2, 15
44657964, 2, 17, 47.5637447, -122.0828537, 11, 0.21, 232.4, 125, 153, 218, -21, 5, 17
44858680, 2, 17, 47.5637439, -122.0828538, 11, 0.32, 218.7, 125, 153, 218, -30, -12, 37
45059436, 2, 17, 47.5637423, -122.0828531, 11, 0.45, 191.1, 125, 153, 218, -45, 1, 28
45260180, 2, 18, 47.5637411, -122.0828537, 11, 0.87, 169.3, 116, 153, 218, -83, 27, 28
45462888, 2, 17, 47.5637408, -122.0828536, 11, 0.70, 178.9, 125, 154, 219, -67, -21, 47
45661607, 2, 17, 47.5637402, -122.0828540, 11, 0.43, 185.4, 125, 154, 219, -42, -11, 41
45860596, 2, 17, 47.5637393, -122.0828541, 11, 0.43, 185.4, 125, 154, 220, -42, -11, 41
46061310, 2, 17, 47.5637386, -122.0828544, 11, 0.40, 188.0, 125, 155, 220, -39, -8, 25
46262000, 2, 17, 47.5637385, -122.0828547, 11, 0.40, 188.0, 125, 154, 221, -39, -8, 25
46462747, 2, 17, 47.5637375, -122.0828545, 11, 0.42, 173.5, 125, 154, 221, -41, 11, 6
46663459, 2, 17, 47.5637366, -122.0828540, 11, 0.42, 173.5, 125, 153, 221, -41, 11, 6
46864128, 2, 17, 47.5637360, -122.0828529, 11, 0.25, 173.5, 125, 153, 221, -24, 8, 2
47064972, 2, 17, 47.5637352, -122.0828529, 11, 0.36, 173.5, 125, 153, 221, -22, 28, -9
47265671, 2, 17, 47.5637347, -122.0828526, 11, 0.28, 173.5, 125, 153, 220, -28, -3, -10
47466346, 2, 17, 47.5637344, -122.0828522, 11, 0.37, 165.9, 125, 153, 219, -34, 13, -12
47665335, 2, 17, 47.5637339, -122.0828519, 11, 0.19, 165.9, 125, 153, 219, -18, -4, -14
47865968, 2, 17, 47.5637336, -122.0828522, 11, 0.19, 165.9, 125, 153, 219, -18, -4, -14
48066997, 2, 17, 47.5637329, -122.0828527, 11, 0.17, 165.9, 125, 153, 219, -13, -12, -10
48247674, 2, 17, 47.5637327, -122.0828521, 11, 0.22, 165.9, 125, 153, 219, -10, -20, -14
48468499, 2, 17, 47.5637323, -122.0828514, 11, 0.27, 165.9, 125, 154, 219, -10, 25, -14
48669289, 2, 17, 47.5637315, -122.0828505, 11, 0.23, 165.9, 125, 154, 220, 1, 23, 0
48870048, 2, 17, 47.5637314, -122.0828502, 11, 0.10, 165.9, 125, 154, 220, 8, 6, 5
49070748, 2, 17, 47.5637317, -122.0828491, 11, 0.42, 85.7, 125, 154, 221, 30, 30, 10
49253512, 2, 17, 47.5637317, -122.0828487, 11, 0.42, 85.7, 125, 154, 221, 30, 30, 10
49472377, 2, 17, 47.5637317, -122.0828480, 11, 0.13, 85.7, 125, 154, 222, 8, 11, 15
49693191, 2, 17, 47.5637317, -122.0828479, 11, 0.23, 71.5, 125, 154, 221, 20, 11, 21
49892145, 2, 17, 47.5637322, -122.0828478, 11, 0.32, 71.5, 125, 154, 222, 31, 10, 19
50072763, 2, 17, 47.5637326, -122.0828480, 11, 0.32, 71.5, 125, 155, 223, 31, 10, 19
50273644, 2, 17, 47.5637324, -122.0828484, 11, 0.13, 71.5, 125, 155, 224, 12, -4, 19
50494422, 2, 17, 47.5637324, -122.0828482, 11, 0.32, 71.5, 125, 155, 224, 32, 1, 27
50695141, 2, 17, 47.5637328, -122.0828486, 11, 0.29, 71.5, 125, 155, 225, 22, -19, 24
50873935, 2, 17, 47.5637334, -122.0828486, 10, 0.29, 71.5, 125, 155, 225, 22, -19, 24
51018510, 2, 17, 47.5637334, -122.0828486, 10, 0.38, 26.5, 125, 155, 225, 37, -5, 15
51094790, 2, 17, 47.5637332, -122.0828485, 10, 0.21, 26.5, 125, 155, 225, 19, -7, 22
51295592, 2, 17, 47.5637335, -122.0828489, 10, 0.38, 357.9, 125, 154, 225, 34, -16, 33
51496473, 2, 17, 47.5637332, -122.0828486, 10, 0.24, 357.9, 125, 154, 225, 21, 12, 27
51677156, 2, 17, 47.5637337, -122.0828486, 10, 0.24, 357.9, 125, 154, 225, 21, 12, 27
51896363, 2, 17, 47.5637342, -122.0828487, 10, 0.35, 357.9, 125, 155, 225, 34, -9, 22
52077101, 2, 17, 47.5637349, -122.0828489, 10, 0.35, 357.9, 125, 155, 225, 34, -9, 22
52297903, 2, 17, 47.5637346, -122.0828491, 10, 0.08, 356.5, 125, 154, 225, -5, -6, 18
52458507, 2, 17, 47.5637347, -122.0828501, 10, 0.08, 356.5, 125, 154, 224, -5, -6, 18
52659171, 2, 17, 47.5637346, -122.0828512, 10, 0.15, 356.5, 125, 154, 224, 11, -10, 13
52879974, 2, 17, 47.5637351, -122.0828512, 10, 0.27, 356.5, 125, 153, 224, 7, -26, 18
53080718, 2, 17, 47.5637350, -122.0828517, 10, 0.15, 2.9, 125, 153, 224, 13, -7, 4
53281465, 2, 17, 47.5637350, -122.0828515, 10, 0.16, 2.9, 125, 153, 223, 15, 6, -4
53462103, 2, 17, 47.5637352, -122.0828518, 9, 0.28, 2.9, 125, 153, 223, 13, -25, 3
53662955, 2, 17, 47.5637343, -122.0828512, 9, 0.28, 2.9, 125, 153, 222, 13, -25, 3
53883761, 2, 17, 47.5637349, -122.0828513, 9, 0.16, 2.9, 125, 153, 222, 12, -10, 0
54064459, 2, 17, 47.5637347, -122.0828515, 9, 0.16, 2.9, 125, 153, 222, 12, -10, 0
54265478, 2, 17, 47.5637350, -122.0828523, 9, 0.19, 2.9, 125, 153, 222, -17, -8, 11
54464179, 2, 17, 47.5637347, -122.0828524, 9, 0.33, 2.9, 125, 153, 222, 10, -31, 19
54664954, 2, 17, 47.5637344, -122.0828524, 9, 0.08, 2.9, 125, 152, 222, 0, -8, 16
54865785, 2, 17, 47.5637342, -122.0828523, 9, 0.03, 2.9, 125, 152, 221, -2, 2, 12
55066501, 2, 17, 47.5637346, -122.0828523, 9, 0.06, 2.9, 125, 152, 221, 4, 4, 22
55287583, 2, 17, 47.5637346, -122.0828518, 9, 0.08, 2.9, 125, 151, 220, 7, 5, 22
55468288, 2, 17, 47.5637345, -122.0828517, 9, 0.08, 2.9, 125, 151, 219, 7, 5, 22
55669111, 2, 17, 47.5637343, -122.0828521, 9, 0.04, 2.9, 125, 151, 218, -2, 4, 20
55889931, 2, 17, 47.5637343, -122.0828520, 9, 0.07, 2.9, 125, 150, 218, -7, -2, 16
56070597, 2, 17, 47.5637341, -122.0828517, 9, 0.11, 2.9, 125, 150, 217, -11, 1, 11
56271372, 2, 17, 47.5637341, -122.0828516, 9, 0.11, 2.9, 125, 150, 217, -11, 1, 11
56472076, 2, 17, 47.5637335, -122.0828515, 9, 0.06, 2.9, 125, 150, 216, -4, -5, 8
56672703, 2, 17, 47.5637331, -122.0828515, 9, 0.20, 2.9, 125, 150, 216, -19, -6, 6
56853582, 2, 18, 47.5637331, -122.0828515, 9, 0.14, 2.9, 116, 150, 216, -12, -8, 3
56871664, 2, 18, 47.5637323, -122.0828515, 9, 0.14, 2.9, 116, 150, 216, -12, -8, 3
57072418, 2, 18, 47.5637319, -122.0828516, 9, 0.23, 2.9, 116, 149, 216, -23, -6, 5
57273202, 2, 18, 47.5637315, -122.0828520, 9, 0.24, 2.9, 116, 149, 215, -23, -5, 3
57473934, 2, 18, 47.5637306, -122.0828523, 9, 0.32, 2.9, 116, 149, 215, -31, -6, 5
57674644, 2, 18, 47.5637295, -122.0828525, 9, 0.30, 2.9, 116, 148, 214, -28, -10, 13
57875335, 2, 18, 47.5637289, -122.0828524, 9, 0.30, 2.9, 116, 148, 214, -28, -10, 13
58076322, 2, 18, 47.5637278, -122.0828527, 9, 0.37, 258.9, 116, 147, 214, -37, -5, 0
58277045, 2, 18, 47.5637271, -122.0828529, 9, 0.29, 258.9, 116, 147, 214, -28, -4, 4
58477666, 2, 18, 47.5637266, -122.0828532, 8, 0.29, 258.9, 116, 147, 215, -28, -4, 4
58658453, 2, 18, 47.5637259, -122.0828536, 8, 0.19, 258.9, 116, 146, 214, -16, -11, 4
58859224, 2, 18, 47.5637254, -122.0828536, 8, 0.25, 258.9, 116, 146, 214, -20, -15, 15
59080164, 2, 18, 47.5637248, -122.0828532, 8, 0.24, 258.9, 116, 146, 214, -23, -3, 8
59242881, 2, 18, 47.5637248, -122.0828532, 8, 0.24, 258.9, 116, 146, 214, -23, -3, 8
59278998, 2, 18, 47.5637241, -122.0828530, 8, 0.28, 258.9, 116, 146, 214, -28, -3, 11
59479623, 2, 18, 47.5637234, -122.0828528, 8, 0.27, 258.9, 116, 147, 214, -26, 1, 5
59700583, 2, 18, 47.5637225, -122.0828527, 8, 0.34, 258.9, 116, 147, 214, -33, -5, 10
59901324, 2, 18, 47.5637222, -122.0828526, 8, 0.13, 258.9, 116, 147, 214, -13, -2, 7
60102010, 2, 18, 47.5637220, -122.0828525, 8, 0.11, 258.9, 116, 147, 214, -11, -4, 2
60300989, 2, 18, 47.5637218, -122.0828525, 8, 0.07, 258.9, 116, 147, 213, -6, -4, -1
60682465, 2, 18, 47.5637218, -122.0828526, 8, 0.06, 258.9, 116, 147, 213, -3, -5, -4
61083882, 2, 18, 47.5637221, -122.0828525, 8, 0.05, 258.9, 116, 147, 213, -2, -5, -13
61284744, 2, 18, 47.5637222, -122.0828527, 8, 0.14, 258.9, 116, 147, 212, 10, -10, -19
61485597, 2, 18, 47.5637224, -122.0828528, 8, 0.14, 258.9, 116, 147, 212, 10, -10, -19
61666208, 2, 18, 47.5637224, -122.0828526, 8, 0.17, 258.9, 116, 147, 212, 16, -6, -18
61867012, 2, 18, 47.5637226, -122.0828524, 8, 0.13, 258.9, 116, 147, 212, 13, 1, -19
62067677, 2, 18, 47.5637228, -122.0828523, 8, 0.19, 258.9, 116, 147, 212, 19, 1, -17
62268446, 2, 18, 47.5637229, -122.0828523, 8, 0.21, 258.9, 116, 147, 213, 21, 3, -14
62447369, 2, 19, 47.5637229, -122.0828523, 8, 0.09, 258.9, 104, 147, 213, 8, -3, -16
62467421, 2, 19, 47.5637233, -122.0828522, 8, 0.09, 258.9, 104, 147, 213, 8, -3, -16
62668069, 2, 19, 47.5637232, -122.0828516, 8, 0.14, 258.9, 104, 147, 212, 14, 2, -9
62868815, 2, 19, 47.5637230, -122.0828515, 8, 0.12, 258.9, 104, 147, 212, 4, 12, -4
63069581, 2, 19, 47.5637233, -122.0828516, 8, 0.14, 258.9, 104, 147, 212, 13, 6, -9
63270296, 2, 19, 47.5637239, -122.0828514, 8, 0.26, 258.9, 104, 147, 212, 25, -4, -15
63471010, 2, 19, 47.5637239, -122.0828508, 8, 0.24, 258.9, 104, 147, 213, 24, 1, -16
63671900, 2, 19, 47.5637236, -122.0828512, 8, 0.14, 258.9, 104, 147, 213, 1, 14, -31
63872504, 2, 19, 47.5637233, -122.0828506, 8, 0.10, 258.9, 104, 148, 214, -3, -9, -25
64095587, 2, 19, 47.5637239, -122.0828512, 8, 0.24, 258.9, 104, 149, 214, 23, -6, -29
64274208, 2, 19, 47.5637238, -122.0828512, 8, 0.24, 258.9, 104, 150, 215, 23, -6, -29
64474873, 2, 19, 47.5637235, -122.0828510, 8, 0.13, 258.9, 104, 150, 215, 13, 1, -18
64675707, 2, 19, 47.5637237, -122.0828501, 8, 0.15, 258.9, 104, 150, 215, 4, 15, 4
64876427, 2, 19, 47.5637243, -122.0828504, 8, 0.27, 258.9, 104, 150, 215, 12, 24, 11
65077220, 2, 19, 47.5637245, -122.0828499, 8, 0.28, 258.9, 104, 149, 214, 28, 1, 15
65278120, 2, 19, 47.5637245, -122.0828494, 8, 0.21, 258.9, 104, 149, 213, 20, 4, 16
65478845, 2, 19, 47.5637247, -122.0828490, 8, 0.27, 258.9, 104, 149, 213, 23, 14, 2
65701574, 2, 19, 47.5637247, -122.0828492, 8, 0.15, 258.9, 104, 148, 212, 13, 7, -12
66081087, 2, 19, 47.5637246, -122.0828490, 8, 0.05, 258.9, 104, 147, 212, 5, 3, -21
66281710, 2, 19, 47.5637248, -122.0828485, 9, 0.08, 258.9, 104, 146, 210, 4, 7, -26
66482527, 2, 19, 47.5637249, -122.0828475, 9, 0.18, 258.9, 104, 146, 209, -12, 14, -26
66683296, 2, 19, 47.5637244, -122.0828470, 9, 0.16, 258.9, 104, 145, 208, -16, -2, -13
66884017, 2, 19, 47.5637243, -122.0828458, 9, 0.16, 258.9, 104, 145, 207, -16, -2, -13
67084855, 2, 19, 47.5637245, -122.0828448, 9, 0.12, 258.9, 104, 145, 207, 6, 11, -7
67285594, 2, 19, 47.5637247, -122.0828440, 9, 0.14, 258.9, 104, 145, 206, 3, 14, -1
67466195, 2, 19, 47.5637247, -122.0828440, 9, 0.06, 258.9, 104, 145, 206, -1, 6, -3
67486275, 2, 19, 47.5637253, -122.0828433, 9, 0.06, 258.9, 104, 145, 206, -1, 6, -3
67687118, 2, 19, 47.5637253, -122.0828426, 9, 0.12, 258.9, 104, 144, 206, 4, 12, -12
67907903, 2, 19, 47.5637251, -122.0828418, 9, 0.15, 258.9, 104, 144, 206, 10, 11, -14
68108593, 2, 19, 47.5637247, -122.0828417, 9, 0.15, 258.9, 104, 143, 205, 10, 11, -14
68289377, 2, 19, 47.5637248, -122.0828412, 9, 0.09, 258.9, 104, 143, 205, 9, 0, -18
68510210, 2, 19, 47.5637250, -122.0828407, 9, 0.31, 305.6, 104, 143, 205, 29, 10, -17
68891769, 2, 19, 47.5637248, -122.0828407, 9, 0.18, 305.6, 104, 142, 204, 17, 4, -28
69072380, 2, 19, 47.5637247, -122.0828409, 10, 0.14, 305.6, 104, 141, 204, 13, 6, -27
69293226, 2, 19, 47.5637249, -122.0828405, 10, 0.14, 305.6, 104, 141, 204, 12, 7, -27
69493903, 2, 19, 47.5637254, -122.0828400, 10, 0.14, 305.6, 104, 140, 204, 14, -2, -23
69674576, 2, 19, 47.5637254, -122.0828404, 10, 0.14, 305.6, 104, 140, 204, 14, -2, -23
69893675, 2, 19, 47.5637253, -122.0828408, 10, 0.20, 305.6, 104, 140, 204, -13, -15, -5
70074311, 2, 19, 47.5637255, -122.0828416, 10, 0.20, 305.6, 104, 140, 203, -13, -15, -5
70275012, 2, 19, 47.5637250, -122.0828420, 10, 0.21, 305.6, 104, 140, 203, -5, -20, 7
70475829, 2, 19, 47.5637252, -122.0828423, 10, 0.33, 305.6, 104, 139, 203, -29, -15, 27
70676540, 2, 19, 47.5637240, -122.0828429, 9, 0.18, 305.6, 104, 139, 203, -8, -16, 33
70897264, 2, 19, 47.5637230, -122.0828433, 9, 0.54, 220.1, 104, 139, 203, -51, -18, 53
71098242, 2, 19, 47.5637222, -122.0828438, 9, 0.63, 211.4, 104, 139, 202, -58, -24, 54
71276916, 2, 19, 47.5637218, -122.0828442, 9, 0.63, 211.4, 104, 139, 202, -58, -24, 54
71497850, 2, 19, 47.5637198, -122.0828454, 9, 1.12, 203.0, 104, 139, 202, -104, -42, 52
71698592, 2, 19, 47.5637184, -122.0828454, 9, 0.91, 194.8, 104, 139, 202, -91, -2, 46
71919364, 2, 19, 47.5637176, -122.0828464, 9, 0.91, 194.8, 104, 140, 203, -91, -2, 46
72100275, 2, 19, 47.5637177, -122.0828471, 9, 0.69, 199.3, 104, 140, 203, -61, -32, 54
72301007, 2, 19, 47.5637169, -122.0828474, 9, 0.43, 199.3, 104, 140, 203, -33, -27, 43
72501706, 2, 19, 47.5637153, -122.0828464, 9, 0.48, 200.1, 104, 140, 203, -44, -18, 29
72704622, 2, 19, 47.5637149, -122.0828457, 9, 0.69, 166.2, 104, 141, 202, -64, 26, 28
72903320, 2, 19, 47.5637146, -122.0828452, 9, 0.39, 161.3, 104, 141, 203, -30, 25, 17
73103959, 2, 19, 47.5637137, -122.0828444, 9, 0.29, 161.3, 104, 142, 204, -21, 19, 8
73284646, 2, 19, 47.5637131, -122.0828430, 9, 0.53, 152.3, 104, 142, 204, -44, 29, 0
73505550, 2, 19, 47.5637127, -122.0828426, 9, 0.28, 135.8, 104, 143, 205, -19, 20, -21
73686187, 2, 19, 47.5637123, -122.0828417, 9, 0.28, 135.8, 104, 143, 206, -19, 20, -21
73885189, 2, 19, 47.5637120, -122.0828414, 9, 0.37, 128.9, 104, 143, 206, -15, 34, -18
74085931, 2, 19, 47.5637117, -122.0828406, 9, 0.29, 128.9, 104, 143, 207, -23, 16, -6
74286755, 2, 19, 47.5637115, -122.0828410, 9, 0.25, 128.9, 104, 144, 207, -13, 22, 12
74487548, 2, 19, 47.5637115, -122.0828412, 9, 0.41, 128.9, 104, 144, 208, -41, -4, 16
74688232, 2, 19, 47.5637119, -122.0828407, 9, 0.12, 128.9, 104, 145, 209, -12, 2, 20
74909120, 2, 19, 47.5637117, -122.0828408, 9, 0.12, 128.9, 104, 145, 210, -12, 2, 16
75109817, 2, 19, 47.5637111, -122.0828403, 9, 0.31, 128.9, 104, 145, 211, -24, 19, 26
75310632, 2, 19, 47.5637121, -122.0828392, 9, 0.31, 128.9, 104, 146, 213, -24, 19, 26
75511501, 2, 19, 47.5637124, -122.0828390, 9, 0.12, 73.2, 104, 146, 214, 8, 9, 1
75690117, 2, 19, 47.5637124, -122.0828390, 9, 0.12, 73.2, 104, 146, 214, 8, 9, 1
75712183, 2, 19, 47.5637130, -122.0828388, 9, 0.27, 73.2, 104, 147, 215, 25, 7, -8
75818899, 2, 19, 47.5637139, -122.0828392, 9, 0.27, 73.2, 104, 147, 217, 25, 7, -8
76114409, 2, 19, 47.5637145, -122.0828399, 9, 0.37, 36.7, 104, 147, 218, 35, -13, 9
76315241, 2, 19, 47.5637153, -122.0828400, 9, 0.47, 8.0, 104, 148, 220, 46, -10, -2
76495973, 2, 19, 47.5637165, -122.0828412, 9, 0.47, 8.0, 104, 148, 221, 46, -10, -2
76696699, 2, 19, 47.5637178, -122.0828425, 9, 0.67, 344.1, 104, 148, 221, 55, -38, -10
76917584, 2, 19, 47.5637186, -122.0828432, 9, 0.54, 330.9, 104, 148, 221, 47, -28, -22
77118336, 2, 19, 47.5637195, -122.0828438, 9, 0.60, 331.8, 104, 148, 220, 53, -28, -13
77298896, 2, 19, 47.5637206, -122.0828453, 9, 0.60, 331.8, 104, 149, 221, 53, -28, -13
77499719, 2, 19, 47.5637206, -122.0828452, 9, 0.82, 328.1, 104, 149, 221, 68, -46, -4
77700390, 2, 19, 47.5637211, -122.0828458, 9, 0.11, 328.1, 104, 149, 221, 8, 8, -4
77919665, 2, 19, 47.5637212, -122.0828461, 9, 0.25, 328.1, 104, 149, 221, 20, -16, -13
78102230, 2, 19, 47.5637215, -122.0828465, 9, 0.10, 328.1, 104, 150, 222, 6, -8, -1
78280921, 2, 19, 47.5637228, -122.0828462, 9, 0.12, 328.1, 104, 151, 223, 9, -8, -7
78501769, 2, 19, 47.5637230, -122.0828458, 9, 0.12, 337.1, 104, 150, 223, 11, 3, -17
78682366, 2, 19, 47.5637235, -122.0828454, 9, 0.12, 337.1, 104, 150, 223, 11, 3, -17
78903124, 2, 19, 47.5637233, -122.0828457, 9, 0.11, 337.1, 104, 150, 223, 10, -4, -30
79065814, 2, 18, 47.5637233, -122.0828457, 9, 0.11, 337.1, 116, 150, 223, 10, -4, -30
79083858, 2, 18, 47.5637232, -122.0828462, 9, 0.11, 337.1, 116, 150, 222, 10, -4, -30
79284615, 2, 18, 47.5637235, -122.0828456, 9, 0.10, 337.1, 116, 150, 221, 10, 2, -30
79485308, 2, 18, 47.5637236, -122.0828454, 9, 0.01, 337.1, 116, 150, 220, 0, 1, -27
79686315, 2, 18, 47.5637232, -122.0828450, 9, 0.01, 337.1, 116, 150, 220, 0, 1, -27
79907028, 2, 18, 47.5637231, -122.0828439, 9, 0.30, 337.1, 116, 151, 219, -3, 30, -15
80087625, 2, 18, 47.5637231, -122.0828438, 9, 0.07, 337.1, 116, 151, 219, -6, 1, -7
80487168, 2, 18, 47.5637233, -122.0828441, 9, 0.06, 337.1, 116, 151, 218, 3, 5, 4
80687910, 2, 18, 47.5637240, -122.0828444, 9, 0.06, 337.1, 116, 151, 217, -1, -6, 8
80908803, 2, 18, 47.5637242, -122.0828442, 9, 0.09, 337.1, 116, 151, 217, 8, 5, 10
81089470, 2, 18, 47.5637241, -122.0828441, 9, 0.09, 337.1, 116, 151, 216, 8, 5, 10
81290157, 2, 18, 47.5637242, -122.0828442, 9, 0.01, 337.1, 116, 151, 216, 0, -1, 15
81491122, 2, 18, 47.5637244, -122.0828445, 9, 0.04, 337.1, 116, 152, 215, -2, -4, 20
81691870, 2, 18, 47.5637246, -122.0828448, 9, 0.04, 337.1, 116, 152, 215, 0, -4, 19
81892692, 2, 18, 47.5637243, -122.0828449, 9, 0.04, 337.1, 116, 152, 215, 0, -4, 19
82073388, 2, 18, 47.5637244, -122.0828451, 9, 0.18, 337.1, 116, 153, 215, -18, 0, 16
82274140, 2, 19, 47.5637244, -122.0828451, 9, 0.17, 337.1, 104, 153, 215, -17, 0, 11
82294224, 2, 19, 47.5637245, -122.0828451, 9, 0.21, 337.1, 104, 153, 215, -19, 8, 0
82493247, 2, 19, 47.5637252, -122.0828454, 9, 0.06, 337.1, 104, 153, 214, 2, -5, -5
82693878, 2, 19, 47.5637258, -122.0828456, 9, 0.02, 337.1, 104, 153, 213, 1, -2, -7
82874477, 2, 18, 47.5637258, -122.0828456, 9, 0.02, 337.1, 116, 153, 213, 1, -2, -7
82894554, 2, 18, 47.5637260, -122.0828457, 10, 0.02, 337.1, 116, 153, 213, 1, -2, -7
83095410, 2, 18, 47.5637261, -122.0828458, 10, 0.06, 337.1, 116, 153, 212, -4, 5, -5
83296089, 2, 18, 47.5637263, -122.0828461, 10, 0.02, 337.1, 116, 153, 211, -2, 0, -4
83498721, 2, 18, 47.5637265, -122.0828463, 10, 0.02, 337.1, 116, 152, 210, 2, 0, 1
83697513, 2, 18, 47.5637270, -122.0828464, 10, 0.07, 337.1, 116, 152, 209, 6, 3, 2
83898280, 2, 18, 47.5637272, -122.0828467, 10, 0.07, 337.1, 116, 152, 208, 6, 3, 2
83914315, 2, 18, 47.5637272, -122.0828467, 10, 0.07, 337.1, 116, 152, 208, 6, 3, 2
84097334, 2, 18, 47.5637277, -122.0828465, 10, 0.15, 337.1, 116, 151, 207, 9, 11, -9
84298059, 2, 18, 47.5637281, -122.0828467, 10, 0.12, 337.1, 116, 151, 207, 12, -2, -9
84498740, 2, 18, 47.5637286, -122.0828469, 10, 0.17, 337.1, 116, 152, 207, 17, -1, -14
84679530, 2, 18, 47.5637289, -122.0828468, 10, 0.17, 337.1, 116, 152, 206, 17, -1, -14
84900293, 2, 18, 47.5637291, -122.0828464, 10, 0.15, 337.1, 116, 152, 206, 13, 7, -17
85100973, 2, 18, 47.5637293, -122.0828460, 10, 0.19, 337.1, 116, 152, 206, 16, 9, -15
85299989, 2, 18, 47.5637298, -122.0828463, 10, 0.19, 337.1, 116, 152, 206, 16, 9, -15
85500733, 2, 18, 47.5637299, -122.0828459, 10, 0.31, 339.3, 116, 152, 206, 30, -9, -9
85701419, 2, 18, 47.5637299, -122.0828453, 10, 0.19, 339.3, 116, 152, 206, 18, 7, -4
85882215, 2, 17, 47.5637299, -122.0828453, 10, 0.19, 339.3, 117, 152, 206, 18, 7, -4
85902278, 2, 17, 47.5637300, -122.0828452, 10, 0.19, 339.3, 117, 152, 205, 18, 7, -4
86102969, 2, 17, 47.5637300, -122.0828451, 10, 0.07, 339.3, 117, 152, 205, 7, -1, -1
86303632, 2, 17, 47.5637303, -122.0828453, 10, 0.13, 339.3, 117, 151, 204, 12, -6, 7
86484605, 2, 18, 47.5637303, -122.0828453, 10, 0.13, 339.3, 116, 151, 204, 12, -6, 7
86504656, 2, 18, 47.5637306, -122.0828456, 10, 0.14, 339.3, 116, 151, 204, 8, -12, 3
86705369, 2, 18, 47.5637306, -122.0828462, 10, 0.19, 339.3, 116, 151, 204, -6, -18, 1
86906210, 2, 18, 47.5637307, -122.0828467, 10, 0.19, 339.3, 116, 151, 203, -6, -18, 1
87107006, 2, 18, 47.5637308, -122.0828469, 10, 0.14, 339.3, 116, 150, 203, -7, -12, 2
87289681, 2, 18, 47.5637305, -122.0828473, 10, 0.14, 339.3, 116, 150, 202, -7, -12, 2
87508807, 2, 18, 47.5637303, -122.0828482, 10, 0.30, 339.3, 116, 150, 202, -6, -29, -1
87689433, 2, 18, 47.5637300, -122.0828490, 10, 0.30, 339.3, 116, 149, 202, -6, -29, -1
87910345, 2, 18, 47.5637299, -122.0828502, 10, 0.24, 339.3, 116, 149, 202, -10, -22, -5
88091026, 2, 18, 47.5637299, -122.0828511, 10, 0.40, 299.7, 116, 149, 202, -6, -39, -2
88291763, 2, 18, 47.5637296, -122.0828514, 10, 0.30, 299.7, 116, 149, 202, -2, -30, -14
88490761, 2, 18, 47.5637293, -122.0828521, 10, 0.15, 299.7, 116, 149, 202, -10, -11, -17
88691440, 2, 18, 47.5637289, -122.0828524, 10, 0.27, 299.7, 116, 149, 202, 0, -27, -14
88912490, 2, 18, 47.5637286, -122.0828526, 10, 0.14, 299.7, 116, 149, 203, -5, -13, -13
89093161, 2, 19, 47.5637286, -122.0828526, 10, 0.19, 299.7, 111, 149, 203, -9, -17, -10
89113279, 2, 19, 47.5637285, -122.0828528, 10, 0.17, 299.7, 111, 149, 203, 3, -17, -7
89293915, 2, 19, 47.5637284, -122.0828531, 10, 0.17, 299.7, 111, 148, 202, 3, -17, -7
89494919, 2, 19, 47.5637289, -122.0828534, 10, 0.15, 299.7, 111, 148, 202, 2, -15, -4
89695673, 2, 19, 47.5637286, -122.0828533, 10, 0.27, 299.7, 111, 147, 202, 17, -21, -6
90097139, 2, 19, 47.5637282, -122.0828529, 10, 0.11, 299.7, 111, 147, 202, 3, -11, -2
90317927, 2, 19, 47.5637280, -122.0828530, 10, 0.12, 299.7, 111, 146, 201, 7, -10, 6
90498706, 2, 19, 47.5637279, -122.0828532, 10, 0.12, 299.7, 111, 146, 200, 7, -10, 6
90699404, 2, 19, 47.5637277, -122.0828532, 10, 0.19, 299.7, 111, 145, 200, 9, -16, 5
90920202, 2, 19, 47.5637276, -122.0828529, 10, 0.04, 299.7, 111, 144, 199, 2, -4, 7
91099090, 2, 19, 47.5637271, -122.0828527, 10, 0.04, 299.7, 111, 144, 198, 2, -4, 7
91299811, 2, 19, 47.5637267, -122.0828525, 10, 0.05, 299.7, 111, 144, 198, -5, 1, 3
91500836, 2, 19, 47.5637267, -122.0828522, 10, 0.04, 299.7, 111, 143, 197, -2, -3, 0
91701597, 2, 19, 47.5637263, -122.0828523, 10, 0.06, 299.7, 111, 143, 197, 4, 5, -3
91922483, 2, 19, 47.5637262, -122.0828521, 10, 0.14, 299.7, 111, 143, 197, -8, 11, 0
92103261, 2, 19, 47.5637264, -122.0828522, 10, 0.14, 299.7, 111, 143, 197, -8, 11, 0
92139377, 2, 19, 47.5637264, -122.0828522, 10, 0.07, 299.7, 111, 143, 197, -7, 0, -7
92303949, 2, 19, 47.5637263, -122.0828521, 10, 0.07, 299.7, 111, 143, 197, -7, 0, -7
92504617, 2, 19, 47.5637259, -122.0828517, 10, 0.20, 299.7, 111, 143, 197, -15, 14, -10
92705606, 2, 19, 47.5637258, -122.0828516, 10, 0.20, 299.7, 111, 143, 197, -15, 14, -10
92906335, 2, 19, 47.5637257, -122.0828513, 10, 0.07, 299.7, 111, 143, 196, -5, 5, -19
93105199, 2, 19, 47.5637251, -122.0828508, 10, 0.34, 209.2, 111, 143, 196, -20, 28, -5
93305839, 2, 19, 47.5637248, -122.0828500, 10, 0.34, 209.2, 111, 143, 196, -20, 28, -5
93526588, 2, 19, 47.5637241, -122.0828492, 10, 0.32, 209.2, 111, 143, 196, -13, 29, -5
93727631, 2, 19, 47.5637233, -122.0828488, 10, 0.44, 150.6, 111, 143, 195, -34, 27, -2
93948372, 2, 19, 47.5637225, -122.0828489, 10, 0.40, 144.9, 111, 143, 195, -30, 27, 0
94128996, 2, 19, 47.5637234, -122.0828478, 10, 0.34, 144.9, 111, 143, 195, 11, 32, -9
94329845, 2, 19, 47.5637233, -122.0828471, 10, 0.28, 144.9, 111, 143, 195, -3, 28, -5
94530524, 2, 19, 47.5637235, -122.0828468, 10, 0.22, 144.9, 111, 143, 195, 0, 22, 4
94731270, 2, 19, 47.5637230, -122.0828464, 10, 0.25, 144.9, 111, 144, 196, -16, 20, 6
94932288, 2, 19, 47.5637230, -122.0828463, 10, 0.25, 144.9, 111, 144, 196, -16, 20, 6
95112816, 2, 19, 47.5637224, -122.0828456, 10, 0.51, 148.1, 111, 145, 197, -45, 24, 2
95311880, 2, 19, 47.5637227, -122.0828455, 10, 0.51, 148.1, 111, 144, 197, -45, 24, 2
95492585, 2, 19, 47.5637226, -122.0828447, 10, 0.11, 148.1, 111, 144, 197, 10, -5, 9
95693247, 2, 19, 47.5637222, -122.0828440, 10, 0.20, 148.1, 111, 144, 198, -6, 19, 8
95914303, 2, 19, 47.5637220, -122.0828439, 10, 0.15, 148.1, 111, 145, 198, -9, 12, 7
96094925, 2, 19, 47.5637222, -122.0828436, 10, 0.08, 148.1, 111, 145, 198, -7, 4, 3
96295608, 2, 19, 47.5637224, -122.0828440, 10, 0.11, 148.1, 111, 145, 198, 2, 11, 0
96496435, 2, 19, 47.5637229, -122.0828442, 10, 0.08, 148.1, 111, 144, 198, -4, -6, -3
96717180, 2, 19, 47.5637234, -122.0828446, 10, 0.17, 148.1, 111, 144, 198, 13, -10, -15
96917878, 2, 19, 47.5637235, -122.0828442, 10, 0.13, 148.1, 111, 144, 199, 5, 12, -19
97098653, 2, 19, 47.5637237, -122.0828445, 10, 0.13, 148.1, 111, 145, 199, 5, 12, -19
97279222, 2, 18, 47.5637237, -122.0828445, 10, 0.09, 148.1, 113, 145, 199, 5, -8, -11
97299306, 2, 18, 47.5637242, -122.0828450, 10, 0.09, 148.1, 113, 145, 199, 5, -8, -11
97500013, 2, 18, 47.5637243, -122.0828456, 10, 0.22, 148.1, 113, 145, 199, 16, -15, -2
97700814, 2, 18, 47.5637242, -122.0828464, 10, 0.09, 148.1, 115, 145, 199, 9, 0, 9
97921671, 2, 18, 47.5637249, -122.0828470, 10, 0.09, 148.1, 115, 145, 198, 9, 0, 9
98100476, 2, 18, 47.5637254, -122.0828472, 10, 0.31, 81.6, 113, 146, 199, 28, -14, 6
98301165, 2, 18, 47.5637258, -122.0828475, 10, 0.26, 81.6, 113, 146, 199, 25, -7, 6
98502525, 2, 19, 47.5637264, -122.0828480, 10, 0.20, 81.6, 111, 146, 198, 15, -13, 8
98703173, 2, 18, 47.5637268, -122.0828475, 10, 0.36, 27.9, 112, 147, 198, 32, -15, 14
98923933, 2, 18, 47.5637271, -122.0828478, 10, 0.26, 27.9, 112, 147, 198, 22, -14, 25
99104606, 2, 19, 47.5637271, -122.0828478, 10, 0.26, 27.9, 111, 147, 198, 22, -14, 25
99124682, 2, 19, 47.5637273, -122.0828478, 10, 0.26, 27.9, 111, 147, 198, 22, -14, 25
99305232, 2, 19, 47.5637273, -122.0828476, 10, 0.11, 27.9, 111, 148, 198, 11, -2, 23
99505942, 2, 18, 47.5637272, -122.0828480, 10, 0.08, 27.9, 112, 148, 197, 4, 7, 25
99706651, 2, 19, 47.5637270, -122.0828480, 10, 0.05, 27.9, 111, 147, 196, 3, -5, 25
99927461, 2, 19, 47.5637267, -122.0828483, 10, 0.07, 27.9, 111, 147, 196, -6, -4, 20
100108057, 2, 19, 47.5637263, -122.0828482, 10, 0.07, 27.9, 111, 147, 196, -6, -4, 20
100308756, 2, 19, 47.5637259, -122.0828487, 10, 0.20, 27.9, 111, 147, 196, -18, -10, 12
100362940, 2, 19, 47.5637259, -122.0828487, 10, 0.20, 27.9, 111, 147, 196, -18, -10, 12
100509635, 2, 19, 47.5637255, -122.0828488, 10, 0.20, 27.9, 111, 147, 196, -18, -10, 12
100710404, 2, 19, 47.5637254, -122.0828489, 10, 0.10, 27.9, 111, 146, 196, -10, 0, 16
100931084, 2, 19, 47.5637251, -122.0828487, 10, 0.23, 27.9, 111, 146, 196, -22, 8, 23
101130162, 2, 19, 47.5637241, -122.0828488, 10, 0.40, 106.7, 111, 147, 196, -40, -3, 26
101330928, 2, 19, 47.5637246, -122.0828490, 10, 0.40, 106.7, 111, 147, 196, -40, -3, 26
101531808, 2, 19, 47.5637238, -122.0828484, 10, 0.10, 106.7, 111, 147, 195, -3, -9, 25
101732398, 2, 19, 47.5637231, -122.0828482, 10, 0.48, 145.6, 111, 147, 195, -45, 16, 22
101953271, 2, 19, 47.5637226, -122.0828480, 10, 0.30, 152.2, 111, 147, 194, -29, -8, 15
102133962, 2, 19, 47.5637229, -122.0828474, 10, 0.30, 152.2, 111, 147, 193, -29, -8, 15
102334691, 2, 19, 47.5637229, -122.0828475, 10, 0.12, 152.2, 111, 147, 193, -11, 3, -7
102535457, 2, 19, 47.5637230, -122.0828478, 10, 0.10, 152.2, 111, 148, 192, 4, -9, -31
102714360, 2, 19, 47.5637226, -122.0828476, 10, 0.06, 152.2, 111, 148, 192, -3, 5, -34
102915101, 2, 19, 47.5637222, -122.0828475, 10, 0.06, 152.2, 111, 148, 192, -3, 5, -34
103115755, 2, 19, 47.5637222, -122.0828481, 10, 0.02, 152.2, 111, 148, 192, -2, 2, -40
103316530, 2, 19, 47.5637221, -122.0828480, 10, 0.22, 152.2, 111, 149, 192, 14, -16, -42
103517328, 2, 19, 47.5637223, -122.0828480, 10, 0.09, 152.2, 111, 148, 191, 7, -6, -16
103717969, 2, 19, 47.5637220, -122.0828481, 10, 0.09, 152.2, 111, 148, 191, 7, -6, -16
103919086, 2, 19, 47.5637217, -122.0828483, 10, 0.03, 152.2, 111, 148, 190, 2, -3, -3
104119807, 2, 19, 47.5637217, -122.0828484, 10, 0.10, 152.2, 111, 148, 190, 9, -3, 20
104320425, 2, 19, 47.5637216, -122.0828478, 10, 0.22, 152.2, 111, 148, 190, -12, 18, 16
104541415, 2, 19, 47.5637222, -122.0828482, 10, 0.27, 239.7, 111, 148, 190, 22, -15, 12
104742143, 2, 19, 47.5637224, -122.0828479, 10, 0.14, 239.7, 111, 148, 190, 14, -1, 8
104941104, 2, 19, 47.5637225, -122.0828478, 10, 0.13, 239.7, 111, 148, 190, 12, -5, 5
105141742, 2, 19, 47.5637225, -122.0828476, 10, 0.06, 239.7, 111, 148, 190, 5, -3, -2
105344432, 2, 19, 47.5637227, -122.0828476, 10, 0.12, 239.7, 111, 148, 189, 11, 3, -8
105543256, 2, 19, 47.5637232, -122.0828480, 10, 0.25, 239.7, 111, 148, 189, 24, -9, -15
105743883, 2, 19, 47.5637239, -122.0828479, 10, 0.30, 239.7, 111, 149, 189, 28, 10, -18
105944660, 2, 19, 47.5637242, -122.0828476, 10, 0.30, 239.7, 111, 149, 189, 28, 10, -18
106125350, 2, 19, 47.5637249, -122.0828477, 10, 0.32, 239.7, 111, 149, 189, 26, 18, -31
106326026, 2, 19, 47.5637251, -122.0828480, 10, 0.12, 239.7, 111, 149, 190, 11, -5, -46
106526814, 2, 19, 47.5637254, -122.0828484, 10, 0.39, 311.0, 111, 149, 190, 39, 2, -39
106707517, 2, 19, 47.5637265, -122.0828479, 10, 0.39, 311.0, 111, 148, 190, 39, 2, -39
106928413, 2, 19, 47.5637265, -122.0828477, 10, 0.17, 10.6, 111, 148, 189, 5, 16, -11
107109131, 2, 19, 47.5637281, -122.0828474, 10, 0.17, 10.6, 111, 147, 189, 5, 16, -11
107309989, 2, 19, 47.5637283, -122.0828472, 10, 0.68, 13.4, 111, 147, 189, 66, 18, -2
107510695, 2, 19, 47.5637296, -122.0828467, 9, 0.20, 13.4, 111, 146, 189, 16, 11, 31
107711379, 2, 19, 47.5637304, -122.0828462, 9, 0.54, 14.3, 111, 146, 189, 52, 15, 36
107910420, 2, 19, 47.5637314, -122.0828455, 9, 0.34, 17.1, 111, 146, 189, 31, 14, 43
108111181, 2, 19, 47.5637311, -122.0828452, 9, 0.17, 20.9, 111, 146, 189, -16, 8, 39
108312024, 2, 19, 47.5637308, -122.0828455, 9, 0.17, 20.9, 111, 145, 188, -16, 8, 39
108512766, 2, 19, 47.5637301, -122.0828457, 9, 0.04, 20.9, 111, 145, 188, 1, -4, 45
108587032, 2, 19, 47.5637301, -122.0828457, 9, 0.23, 20.9, 111, 145, 188, -19, -13, 47
108713487, 2, 19, 47.5637297, -122.0828463, 9, 0.23, 20.9, 111, 144, 187, -19, -13, 47
108932691, 2, 19, 47.5637289, -122.0828467, 9, 0.51, 272.0, 111, 144, 187, -39, -33, 34
109135431, 2, 19, 47.5637283, -122.0828467, 9, 0.44, 246.5, 111, 143, 186, -34, -28, 37
109314194, 2, 19, 47.5637274, -122.0828474, 9, 0.44, 246.5, 111, 143, 186, -34, -28, 37
109514913, 2, 19, 47.5637258, -122.0828477, 9, 0.65, 232.1, 111, 143, 186, -50, -41, 28
109715677, 2, 19, 47.5637246, -122.0828477, 9, 0.87, 200.0, 111, 143, 187, -86, -12, 28
109934694, 2, 19, 47.5637232, -122.0828483, 9, 0.89, 194.7, 111, 143, 187, -88, -15, 2
110115307, 2, 19, 47.5637211, -122.0828482, 9, 1.07, 192.7, 111, 143, 187, -105, -21, 16
110316077, 2, 19, 47.5637189, -122.0828475, 9, 1.26, 186.0, 111, 143, 187, -125, -5, 9
110516974, 2, 19, 47.5637173, -122.0828472, 9, 1.17, 175.4, 111, 143, 188, -115, 22, 20
110697590, 2, 20, 47.5637168, -122.0828467, 9, 1.10, 174.8, 101, 144, 189, -109, 13, 6
110916706, 2, 20, 47.5637169, -122.0828473, 9, 0.49, 173.0, 101, 145, 189, -46, 18, 8
111117393, 2, 20, 47.5637159, -122.0828465, 9, 0.40, 162.3, 101, 145, 189, -36, 17, -19
111298005, 2, 19, 47.5637159, -122.0828465, 9, 0.40, 162.3, 104, 145, 189, -36, 17, -19
111320098, 2, 19, 47.5637145, -122.0828461, 9, 0.40, 162.3, 104, 144, 189, -36, 17, -19
111518832, 2, 19, 47.5637142, -122.0828460, 9, 0.50, 168.3, 104, 145, 189, -50, 6, -30
111699498, 2, 20, 47.5637142, -122.0828460, 9, 0.12, 168.3, 101, 145, 189, -4, -12, -28
111719579, 2, 20, 47.5637144, -122.0828459, 9, 0.12, 168.3, 101, 145, 190, -4, -12, -28
111900246, 2, 19, 47.5637144, -122.0828459, 9, 0.18, 168.3, 111, 145, 190, 15, -10, -30
111920347, 2, 19, 47.5637143, -122.0828457, 9, 0.12, 168.3, 111, 145, 190, 11, -5, -36
112121142, 2, 20, 47.5637143, -122.0828457, 9, 0.12, 168.3, 101, 145, 190, 11, -5, -36
112141217, 2, 20, 47.5637148, -122.0828463, 9, 0.47, 245.5, 101, 145, 190, 42, -21, -30
112321918, 2, 19, 47.5637148, -122.0828463, 9, 0.47, 245.5, 111, 145, 190, 42, -21, -30
112341995, 2, 19, 47.5637152, -122.0828469, 9, 0.39, 279.8, 111, 146, 190, 37, -11, -28
112522684, 2, 20, 47.5637152, -122.0828469, 9, 0.39, 279.8, 101, 146, 190, 37, -11, -28
112542747, 2, 20, 47.5637164, -122.0828477, 9, 0.76, 336.1, 101, 146, 191, 74, -15, -21
112741875, 2, 20, 47.5637170, -122.0828480, 9, 0.50, 340.6, 101, 146, 191, 50, -5, -24
112942597, 2, 20, 47.5637174, -122.0828486, 9, 0.38, 342.8, 101, 146, 192, 37, -9, -13
113123204, 2, 20, 47.5637180, -122.0828487, 9, 0.38, 342.8, 101, 146, 192, 37, -9, -13
113324022, 2, 20, 47.5637184, -122.0828488, 9, 0.32, 342.8, 101, 147, 193, 31, 4, -13
113524753, 2, 20, 47.5637192, -122.0828488, 9, 0.42, 342.8, 101, 148, 194, 42, 5, -11
113723664, 2, 20, 47.5637191, -122.0828488, 9, 0.42, 342.8, 101, 148, 194, 42, 5, -11
113924482, 2, 20, 47.5637199, -122.0828502, 9, 0.57, 332.3, 101, 148, 195, 49, -30, 12
114125192, 2, 20, 47.5637217, -122.0828514, 9, 0.97, 336.3, 101, 148, 196, 90, -36, 18
114325987, 2, 20, 47.5637239, -122.0828522, 9, 1.11, 343.1, 101, 148, 196, 108, -26, 12
114526696, 2, 20, 47.5637237, -122.0828531, 9, 0.38, 340.0, 101, 149, 196, 28, -26, 31
114727400, 2, 20, 47.5637246, -122.0828527, 9, 0.38, 340.0, 101, 148, 196, 28, -26, 31
114928187, 2, 20, 47.5637262, -122.0828534, 9, 0.45, 1.1, 101, 148, 196, 44, 9, 27
115128854, 2, 20, 47.5637260, -122.0828537, 9, 0.26, 342.3, 101, 148, 196, 14, -22, 36
115329492, 2, 20, 47.5637264, -122.0828543, 9, 0.27, 342.3, 101, 148, 196, 2, -26, 23
115530128, 2, 20, 47.5637266, -122.0828549, 9, 0.27, 342.3, 101, 147, 195, 2, -26, 23
115729289, 2, 20, 47.5637263, -122.0828554, 9, 0.09, 342.3, 101, 147, 195, -9, -1, 17
115929972, 2, 20, 47.5637261, -122.0828563, 9, 0.09, 342.3, 101, 146, 194, -9, -1, 17
116130774, 2, 20, 47.5637264, -122.0828569, 9, 0.12, 342.3, 101, 146, 194, 12, 0, 7
116331541, 2, 20, 47.5637258, -122.0828564, 9, 0.33, 13.4, 101, 146, 193, -31, 12, 13
116532255, 2, 20, 47.5637251, -122.0828552, 9, 0.37, 69.7, 101, 145, 193, -25, 27, 12
116711188, 2, 19, 47.5637238, -122.0828543, 8, 0.37, 69.7, 111, 145, 193, -25, 27, 12
116811568, 2, 19, 47.5637238, -122.0828543, 8, 0.55, 138.3, 111, 145, 193, -50, 23, 14
116911904, 2, 20, 47.5637238, -122.0828543, 8, 0.55, 138.3, 101, 145, 193, -50, 23, 14
116931971, 2, 20, 47.5637228, -122.0828539, 8, 0.55, 138.3, 101, 145, 193, -50, 23, 14
117132770, 2, 20, 47.5637223, -122.0828531, 8, 0.41, 147.2, 101, 145, 192, -36, 19, 10
117313768, 2, 19, 47.5637223, -122.0828531, 8, 0.41, 147.2, 111, 145, 192, -36, 19, 10
117333853, 2, 19, 47.5637221, -122.0828523, 8, 0.35, 147.2, 111, 145, 193, -20, 28, -4
117534570, 2, 19, 47.5637215, -122.0828520, 8, 0.29, 147.2, 111, 145, 193, -25, 16, 0
117715547, 2, 19, 47.5637208, -122.0828515, 8, 0.29, 147.2, 111, 145, 193, -25, 16, 0
117938294, 2, 19, 47.5637203, -122.0828504, 9, 0.50, 141.6, 111, 144, 193, -37, 33, -13
118116912, 2, 19, 47.5637202, -122.0828492, 9, 0.50, 141.6, 111, 145, 194, -37, 33, -13
118315826, 2, 19, 47.5637194, -122.0828487, 9, 0.36, 141.6, 111, 145, 195, -2, 36, -15
118516502, 2, 19, 47.5637193, -122.0828480, 9, 0.53, 148.1, 111, 145, 195, -49, 20, -15
118737187, 2, 19, 47.5637188, -122.0828472, 9, 0.31, 148.1, 111, 145, 195, -9, 29, -8
118938200, 2, 19, 47.5637187, -122.0828465, 9, 0.30, 148.1, 111, 145, 194, -5, 30, -15
119138863, 2, 19, 47.5637187, -122.0828461, 9, 0.30, 148.1, 111, 146, 194, -5, 30, -15
119339746, 2, 19, 47.5637188, -122.0828460, 8, 0.21, 148.1, 111, 146, 194, 6, 20, -3
119540422, 2, 19, 47.5637186, -122.0828460, 8, 0.12, 148.1, 111, 146, 194, 12, 1, -6
119960399, 2, 19, 47.5637185, -122.0828459, 8, 0.05, 148.1, 111, 147, 193, 5, 1, -13
120141020, 2, 19, 47.5637185, -122.0828461, 8, 0.06, 148.1, 111, 148, 193, -3, 5, -10
120341812, 2, 19, 47.5637186, -122.0828464, 9, 0.04, 148.1, 111, 148, 193, 2, -4, -11
120743224, 2, 19, 47.5637187, -122.0828464, 9, 0.03, 148.1, 111, 148, 193, -1, 2, -21
120964147, 2, 19, 47.5637191, -122.0828467, 9, 0.31, 209.1, 111, 148, 193, 26, -17, -32
121124727, 2, 19, 47.5637192, -122.0828467, 9, 0.15, 209.1, 111, 148, 193, 13, -7, -32
121345542, 2, 19, 47.5637195, -122.0828468, 9, 0.15, 209.1, 111, 148, 192, 13, -7, -32
121544419, 2, 19, 47.5637201, -122.0828470, 9, 0.14, 209.1, 111, 148, 192, 13, -7, -24
121745170, 2, 19, 47.5637196, -122.0828466, 9, 0.05, 209.1, 111, 148, 192, 2, 4, -10
121965951, 2, 19, 47.5637197, -122.0828464, 9, 0.12, 209.1, 111, 148, 192, 12, -1, 0
122144863, 2, 19, 47.5637202, -122.0828460, 9, 0.12, 209.1, 111, 148, 191, 12, -1, 0
122345524, 2, 19, 47.5637211, -122.0828459, 9, 0.29, 209.1, 111, 148, 191, 28, 7, 9
122546464, 2, 19, 47.5637214, -122.0828457, 9, 0.24, 209.1, 111, 148, 191, 23, 7, 31
122747166, 2, 19, 47.5637217, -122.0828456, 9, 0.32, 275.4, 111, 148, 191, 31, -10, 31
122967971, 2, 19, 47.5637213, -122.0828452, 8, 0.32, 275.4, 111, 148, 191, 31, -10, 31
123148939, 2, 19, 47.5637215, -122.0828460, 8, 0.23, 275.4, 111, 149, 191, 11, -20, 56
123329570, 2, 19, 47.5637225, -122.0828461, 8, 0.35, 307.0, 111, 149, 191, 30, -19, 44
123530296, 2, 19, 47.5637229, -122.0828466, 8, 0.32, 307.0, 111, 149, 192, 24, -20, 57
123731225, 2, 19, 47.5637227, -122.0828472, 8, 0.24, 307.0, 111, 150, 193, 17, -17, 55
123931954, 2, 19, 47.5637226, -122.0828472, 8, 0.24, 307.0, 111, 149, 193, 17, -17, 55
124130924, 2, 19, 47.5637227, -122.0828479, 8, 0.20, 307.0, 111, 149, 192, 18, 7, 52
124331602, 2, 19, 47.5637225, -122.0828483, 8, 0.17, 307.0, 111, 149, 192, -11, -12, 45
124532305, 2, 19, 47.5637223, -122.0828484, 8, 0.36, 243.9, 111, 149, 193, -36, -2, 52
124733172, 2, 19, 47.5637227, -122.0828482, 8, 0.06, 243.9, 111, 149, 192, -3, -6, 43
124933913, 2, 19, 47.5637221, -122.0828477, 8, 0.28, 213.9, 111, 148, 192, -27, 6, 45
125036263, 2, 19, 47.5637221, -122.0828477, 8, 0.28, 213.9, 111, 148, 192, -27, 6, 45
125134629, 2, 19, 47.5637220, -122.0828475, 8, 0.20, 213.9, 111, 148, 192, -20, -3, 36
125335715, 2, 19, 47.5637219, -122.0828475, 8, 0.06, 213.9, 111, 148, 192, -6, -1, 31
125536397, 2, 19, 47.5637215, -122.0828474, 7, 0.06, 213.9, 111, 148, 192, -6, -1, 31
