time (us), GPS_fixType, GPS_numSat, GPS_coord[0], GPS_coord[1], GPS_altitude, GPS_speed (m/s), GPS_ground_course, GPS_hdop, GPS_eph, GPS_epv
304304967, 2, 20, 47.5635674, -122.0828419, 6, 0.01, 74.1, 147, 82, 148
304316010, 2, 20, 47.5635675, -122.0828419, 6, 0.01, 74.1, 147, 82, 148
304320020, 2, 20, 47.5635675, -122.0828419, 6, 0.01, 74.1, 147, 82, 148
304515987, 2, 20, 47.5635676, -122.0828419, 6, 0.04, 74.1, 147, 82, 148
304716097, 2, 20, 47.5635678, -122.0828421, 6, 0.01, 74.1, 147, 81, 147
304916788, 2, 20, 47.5635679, -122.0828423, 6, 0.01, 74.1, 147, 81, 147
305117591, 2, 20, 47.5635680, -122.0828424, 6, 0.01, 74.1, 147, 81, 147
305920459, 2, 20, 47.5635685, -122.0828429, 6, 0.02, 74.1, 147, 81, 147
306121260, 2, 20, 47.5635686, -122.0828430, 6, 0.01, 74.1, 147, 81, 147
306322013, 2, 20, 47.5635688, -122.0828432, 6, 0.01, 74.1, 147, 81, 147
306522807, 2, 20, 47.5635689, -122.0828433, 6, 0.02, 74.1, 147, 81, 147
306723674, 2, 20, 47.5635690, -122.0828435, 6, 0.01, 74.1, 147, 81, 147
306924008, 2, 20, 47.5635690, -122.0828437, 6, 0.02, 74.1, 147, 81, 147
307123852, 2, 20, 47.5635691, -122.0828438, 6, 0.01, 74.1, 147, 81, 146
307325657, 2, 20, 47.5635692, -122.0828439, 6, 0.01, 74.1, 147, 81, 146
307525335, 2, 20, 47.5635692, -122.0828444, 6, 0.13, 74.1, 147, 81, 146
307726071, 2, 20, 47.5635691, -122.0828443, 6, 0.07, 74.1, 147, 81, 146
307926807, 2, 20, 47.5635693, -122.0828448, 6, 0.10, 74.1, 147, 81, 146
308128463, 2, 20, 47.5635692, -122.0828451, 6, 0.09, 74.1, 147, 81, 146
308308163, 2, 19, 47.5635692, -122.0828451, 6, 0.09, 74.1, 148, 81, 146
308328250, 2, 19, 47.5635692, -122.0828456, 6, 0.10, 74.1, 148, 81, 147
308432587, 2, 19, 47.5635692, -122.0828456, 6, 0.10, 74.1, 148, 81, 147
308528972, 2, 19, 47.5635690, -122.0828460, 6, 0.15, 74.1, 148, 82, 147
308709641, 2, 20, 47.5635690, -122.0828460, 6, 0.15, 74.1, 147, 82, 147
308729711, 2, 20, 47.5635689, -122.0828463, 6, 0.08, 74.1, 147, 82, 147
308931437, 2, 20, 47.5635687, -122.0828466, 6, 0.12, 74.1, 147, 82, 148
309131163, 2, 20, 47.5635685, -122.0828469, 6, 0.13, 74.1, 147, 82, 148
309331859, 2, 20, 47.5635682, -122.0828470, 7, 0.16, 74.1, 147, 82, 148
309532609, 2, 20, 47.5635680, -122.0828469, 7, 0.12, 74.1, 147, 82, 148
309734356, 2, 20, 47.5635677, -122.0828467, 7, 0.12, 74.1, 147, 81, 148
309933989, 2, 20, 47.5635673, -122.0828465, 7, 0.13, 74.1, 147, 81, 148
310133854, 2, 20, 47.5635668, -122.0828462, 7, 0.13, 74.1, 147, 81, 147
310334549, 2, 20, 47.5635664, -122.0828463, 7, 0.13, 74.1, 147, 81, 147
310535259, 2, 20, 47.5635663, -122.0828460, 8, 0.03, 74.1, 147, 80, 147
310935776, 2, 20, 47.5635665, -122.0828459, 8, 0.08, 74.1, 147, 80, 147
311337185, 2, 20, 47.5635666, -122.0828460, 8, 0.06, 74.1, 147, 80, 147
311537989, 2, 20, 47.5635668, -122.0828460, 8, 0.07, 74.1, 147, 80, 146
311738756, 2, 20, 47.5635669, -122.0828457, 8, 0.07, 74.1, 147, 80, 146
311939501, 2, 20, 47.5635669, -122.0828455, 8, 0.06, 74.1, 147, 80, 146
312140431, 2, 20, 47.5635668, -122.0828449, 8, 0.10, 74.1, 147, 80, 146
312340569, 2, 20, 47.5635666, -122.0828444, 8, 0.04, 74.1, 147, 80, 145
312541312, 2, 20, 47.5635662, -122.0828439, 8, 0.04, 74.1, 147, 79, 145
312544343, 2, 20, 47.5635662, -122.0828439, 8, 0.04, 74.1, 147, 79, 145
312742090, 2, 20, 47.5635660, -122.0828436, 8, 0.07, 74.1, 147, 79, 145
312922815, 2, 20, 47.5635659, -122.0828437, 8, 0.07, 74.1, 147, 79, 145
313143638, 2, 20, 47.5635658, -122.0828434, 8, 0.07, 74.1, 147, 79, 145
313344438, 2, 20, 47.5635657, -122.0828435, 8, 0.06, 74.1, 147, 79, 145
313545167, 2, 20, 47.5635655, -122.0828435, 8, 0.06, 74.1, 147, 79, 144
313745886, 2, 20, 47.5635651, -122.0828433, 8, 0.05, 74.1, 147, 79, 144
313946639, 2, 20, 47.5635649, -122.0828432, 8, 0.06, 74.1, 147, 78, 144
314146651, 2, 20, 47.5635645, -122.0828431, 8, 0.06, 74.1, 147, 78, 144
314346759, 2, 20, 47.5635643, -122.0828432, 8, 0.05, 74.1, 147, 78, 143
314547738, 2, 20, 47.5635643, -122.0828434, 8, 0.10, 74.1, 147, 78, 143
314747697, 2, 20, 47.5635643, -122.0828436, 8, 0.06, 74.1, 147, 77, 143
314948736, 2, 20, 47.5635644, -122.0828437, 8, 0.06, 74.1, 147, 77, 142
315149379, 2, 20, 47.5635644, -122.0828438, 8, 0.06, 74.1, 147, 77, 142
315350147, 2, 20, 47.5635643, -122.0828437, 8, 0.08, 74.1, 147, 77, 142
315550900, 2, 20, 47.5635643, -122.0828436, 8, 0.03, 74.1, 147, 77, 142
315751599, 2, 20, 47.5635642, -122.0828437, 8, 0.07, 74.1, 147, 76, 141
315952396, 2, 20, 47.5635641, -122.0828437, 8, 0.05, 74.1, 147, 76, 141
316153137, 2, 20, 47.5635638, -122.0828436, 8, 0.10, 74.1, 147, 76, 141
316353885, 2, 20, 47.5635636, -122.0828435, 8, 0.11, 74.1, 147, 76, 140
316554678, 2, 20, 47.5635633, -122.0828435, 8, 0.10, 74.1, 147, 76, 140
316657036, 2, 20, 47.5635633, -122.0828435, 8, 0.10, 74.1, 147, 76, 140
316735320, 2, 20, 47.5635631, -122.0828435, 8, 0.10, 74.1, 147, 76, 140
316936072, 2, 20, 47.5635628, -122.0828433, 8, 0.10, 74.1, 147, 75, 140
317156891, 2, 20, 47.5635626, -122.0828431, 8, 0.09, 74.1, 147, 75, 139
317357648, 2, 20, 47.5635625, -122.0828431, 8, 0.11, 74.1, 147, 75, 139
317558338, 2, 20, 47.5635623, -122.0828429, 8, 0.04, 74.1, 147, 75, 139
317759119, 2, 20, 47.5635621, -122.0828429, 8, 0.11, 74.1, 147, 75, 139
317959880, 2, 20, 47.5635619, -122.0828427, 8, 0.06, 74.1, 147, 75, 139
318140489, 2, 20, 47.5635618, -122.0828422, 8, 0.06, 74.1, 147, 75, 139
318341194, 2, 20, 47.5635617, -122.0828421, 9, 0.03, 74.1, 147, 75, 138
318541038, 2, 20, 47.5635616, -122.0828419, 9, 0.03, 74.1, 147, 74, 138
318742101, 2, 20, 47.5635617, -122.0828418, 9, 0.03, 74.1, 147, 74, 138
318942055, 2, 20, 47.5635617, -122.0828417, 9, 0.06, 74.1, 147, 74, 138
319143042, 2, 20, 47.5635617, -122.0828416, 9, 0.05, 74.1, 147, 74, 137
319343730, 2, 20, 47.5635618, -122.0828414, 9, 0.05, 74.1, 147, 74, 137
319565579, 2, 20, 47.5635618, -122.0828412, 8, 0.05, 74.1, 147, 74, 137
319745238, 2, 20, 47.5635618, -122.0828409, 8, 0.05, 74.1, 147, 74, 136
319965954, 2, 20, 47.5635618, -122.0828406, 8, 0.15, 74.1, 147, 73, 136
320166796, 2, 20, 47.5635619, -122.0828403, 8, 0.11, 74.1, 147, 73, 136
320368564, 2, 20, 47.5635619, -122.0828400, 8, 0.09, 74.1, 147, 73, 136
320568273, 2, 20, 47.5635618, -122.0828397, 8, 0.10, 74.1, 147, 73, 136
320768973, 2, 20, 47.5635617, -122.0828392, 8, 0.13, 74.1, 147, 73, 135
320969732, 2, 20, 47.5635616, -122.0828388, 8, 0.11, 74.1, 147, 73, 135
321150390, 2, 20, 47.5635615, -122.0828382, 8, 0.11, 74.1, 147, 73, 135
321371273, 2, 20, 47.5635615, -122.0828380, 8, 0.04, 74.1, 147, 73, 135
321572094, 2, 20, 47.5635617, -122.0828376, 8, 0.12, 74.1, 147, 73, 135
321752745, 2, 20, 47.5635620, -122.0828375, 8, 0.12, 74.1, 147, 73, 135
321953511, 2, 20, 47.5635622, -122.0828373, 8, 0.13, 74.1, 147, 73, 135
322154246, 2, 20, 47.5635624, -122.0828372, 8, 0.10, 74.1, 147, 73, 135
322362978, 2, 20, 47.5635625, -122.0828371, 8, 0.08, 74.1, 147, 73, 135
322555741, 2, 20, 47.5635628, -122.0828370, 8, 0.08, 74.1, 147, 73, 135
322755846, 2, 20, 47.5635629, -122.0828370, 8, 0.11, 74.1, 147, 73, 135
322955754, 2, 20, 47.5635630, -122.0828368, 8, 0.10, 74.1, 147, 73, 135
323176602, 2, 20, 47.5635630, -122.0828366, 8, 0.04, 74.1, 147, 73, 135
323377326, 2, 20, 47.5635631, -122.0828365, 8, 0.04, 74.1, 147, 73, 135
323558022, 2, 20, 47.5635631, -122.0828363, 8, 0.04, 74.1, 147, 73, 136
323758725, 2, 20, 47.5635632, -122.0828360, 8, 0.04, 74.1, 147, 73, 136
323959483, 2, 20, 47.5635632, -122.0828358, 8, 0.09, 74.1, 147, 74, 136
324160240, 2, 20, 47.5635632, -122.0828355, 8, 0.08, 74.1, 147, 74, 136
324361030, 2, 20, 47.5635632, -122.0828352, 8, 0.09, 74.1, 147, 74, 136
324561673, 2, 20, 47.5635632, -122.0828349, 8, 0.08, 74.1, 147, 74, 136
324762567, 2, 20, 47.5635631, -122.0828347, 8, 0.12, 74.1, 147, 74, 136
324881002, 2, 20, 47.5635631, -122.0828347, 8, 0.10, 74.1, 147, 74, 136
324963320, 2, 20, 47.5635630, -122.0828344, 8, 0.10, 74.1, 147, 74, 136
325163984, 2, 20, 47.5635630, -122.0828343, 8, 0.08, 74.1, 147, 74, 137
325364783, 2, 20, 47.5635631, -122.0828342, 8, 0.02, 74.1, 147, 74, 137
325565562, 2, 20, 47.5635631, -122.0828340, 8, 0.03, 74.1, 147, 74, 137
325766254, 2, 20, 47.5635630, -122.0828339, 8, 0.02, 74.1, 147, 74, 137
325967151, 2, 20, 47.5635630, -122.0828337, 8, 0.02, 74.1, 147, 74, 137
326167224, 2, 20, 47.5635629, -122.0828335, 8, 0.04, 74.1, 147, 74, 137
326367064, 2, 20, 47.5635628, -122.0828333, 8, 0.02, 74.1, 147, 74, 137
326568803, 2, 20, 47.5635627, -122.0828330, 8, 0.02, 74.1, 147, 74, 137
326768534, 2, 20, 47.5635625, -122.0828328, 8, 0.01, 74.1, 147, 74, 137
326969279, 2, 20, 47.5635623, -122.0828326, 8, 0.06, 74.1, 147, 74, 137
327170042, 2, 20, 47.5635621, -122.0828324, 8, 0.07, 74.1, 147, 74, 137
327371797, 2, 20, 47.5635620, -122.0828323, 8, 0.05, 74.1, 147, 73, 137
327571523, 2, 20, 47.5635617, -122.0828320, 8, 0.04, 74.1, 147, 73, 137
327772244, 2, 20, 47.5635614, -122.0828317, 8, 0.09, 74.1, 147, 73, 137
327972883, 2, 20, 47.5635611, -122.0828312, 8, 0.13, 74.1, 147, 73, 136
328174602, 2, 20, 47.5635609, -122.0828310, 8, 0.15, 74.1, 147, 73, 136
328374331, 2, 20, 47.5635606, -122.0828305, 8, 0.11, 74.1, 147, 73, 136
328574961, 2, 20, 47.5635603, -122.0828300, 8, 0.14, 74.1, 147, 73, 136
328775884, 2, 20, 47.5635600, -122.0828297, 8, 0.16, 74.1, 147, 73, 136
328976066, 2, 20, 47.5635597, -122.0828292, 8, 0.20, 74.1, 147, 73, 136
328993118, 2, 20, 47.5635597, -122.0828292, 8, 0.20, 74.1, 147, 73, 136
329176793, 2, 20, 47.5635595, -122.0828287, 8, 0.20, 74.1, 147, 73, 136
329377509, 2, 20, 47.5635594, -122.0828283, 8, 0.14, 74.1, 147, 73, 136
329578241, 2, 20, 47.5635595, -122.0828283, 8, 0.09, 74.1, 147, 73, 136
329778954, 2, 20, 47.5635597, -122.0828285, 8, 0.09, 74.1, 147, 74, 137
329979745, 2, 20, 47.5635600, -122.0828289, 8, 0.20, 74.1, 147, 74, 137
330180397, 2, 20, 47.5635604, -122.0828292, 8, 0.23, 38.3, 147, 74, 137
330381176, 2, 20, 47.5635607, -122.0828294, 8, 0.33, 349.4, 147, 74, 137
330581978, 2, 20, 47.5635611, -122.0828295, 8, 0.30, 340.0, 147, 74, 136
330782691, 2, 20, 47.5635614, -122.0828296, 8, 0.26, 338.2, 147, 74, 136
330983452, 2, 20, 47.5635618, -122.0828298, 8, 0.23, 328.9, 147, 73, 136
331184230, 2, 20, 47.5635621, -122.0828297, 8, 0.23, 327.7, 147, 73, 136
331384912, 2, 20, 47.5635623, -122.0828299, 8, 0.16, 327.7, 147, 73, 136
331585639, 2, 20, 47.5635626, -122.0828301, 8, 0.14, 327.7, 147, 73, 136
331786438, 2, 20, 47.5635627, -122.0828303, 8, 0.17, 327.7, 147, 73, 136
332186840, 2, 20, 47.5635626, -122.0828300, 8, 0.08, 327.7, 147, 73, 136
332387822, 2, 20, 47.5635625, -122.0828297, 8, 0.04, 327.7, 147, 73, 136
332587937, 2, 20, 47.5635623, -122.0828295, 8, 0.03, 327.7, 147, 73, 136
332788751, 2, 20, 47.5635622, -122.0828291, 8, 0.04, 327.7, 147, 73, 136
332989483, 2, 20, 47.5635620, -122.0828288, 8, 0.04, 327.7, 147, 73, 136
333105982, 2, 20, 47.5635620, -122.0828288, 8, 0.08, 327.7, 147, 73, 136
333190292, 2, 20, 47.5635617, -122.0828285, 8, 0.08, 327.7, 147, 73, 136
333391205, 2, 20, 47.5635614, -122.0828282, 8, 0.09, 327.7, 147, 73, 136
333591192, 2, 20, 47.5635612, -122.0828281, 8, 0.12, 327.7, 147, 73, 136
333791853, 2, 20, 47.5635610, -122.0828279, 8, 0.10, 327.7, 147, 73, 136
333992678, 2, 20, 47.5635609, -122.0828279, 8, 0.09, 327.7, 147, 73, 135
334192600, 2, 20, 47.5635608, -122.0828280, 8, 0.06, 327.7, 147, 73, 135
334393385, 2, 20, 47.5635609, -122.0828280, 8, 0.06, 327.7, 147, 73, 135
334594052, 2, 20, 47.5635609, -122.0828278, 8, 0.03, 327.7, 147, 73, 135
334994192, 2, 20, 47.5635608, -122.0828277, 8, 0.04, 327.7, 147, 73, 135
335194975, 2, 20, 47.5635608, -122.0828278, 8, 0.07, 327.7, 147, 73, 135
335597420, 2, 20, 47.5635608, -122.0828277, 8, 0.01, 327.7, 147, 73, 134
335797168, 2, 20, 47.5635606, -122.0828276, 8, 0.04, 327.7, 147, 73, 134
335997927, 2, 20, 47.5635605, -122.0828275, 8, 0.06, 327.7, 147, 73, 134
336198599, 2, 20, 47.5635604, -122.0828273, 8, 0.06, 327.7, 147, 73, 135
336400367, 2, 20, 47.5635602, -122.0828271, 8, 0.12, 327.7, 147, 73, 135
336600089, 2, 20, 47.5635600, -122.0828270, 8, 0.09, 327.7, 147, 72, 135
336800877, 2, 20, 47.5635598, -122.0828266, 8, 0.10, 327.7, 147, 72, 135
337001552, 2, 20, 47.5635595, -122.0828262, 8, 0.14, 327.7, 147, 72, 135
337203331, 2, 20, 47.5635594, -122.0828259, 8, 0.19, 327.7, 147, 72, 135
337218376, 2, 20, 47.5635594, -122.0828259, 8, 0.19, 327.7, 147, 72, 135
337403016, 2, 20, 47.5635592, -122.0828258, 8, 0.16, 327.7, 147, 72, 135
337603820, 2, 20, 47.5635588, -122.0828256, 8, 0.12, 327.7, 147, 72, 135
337803963, 2, 20, 47.5635586, -122.0828254, 8, 0.22, 327.7, 147, 72, 135
338004035, 2, 20, 47.5635583, -122.0828253, 8, 0.11, 327.7, 147, 72, 135
338204092, 2, 20, 47.5635582, -122.0828253, 8, 0.09, 327.7, 147, 72, 135
338404872, 2, 20, 47.5635581, -122.0828251, 8, 0.08, 327.7, 147, 72, 135
338605712, 2, 20, 47.5635580, -122.0828249, 8, 0.08, 327.7, 147, 72, 135
338806326, 2, 20, 47.5635579, -122.0828246, 8, 0.12, 327.7, 147, 73, 135
339007224, 2, 20, 47.5635579, -122.0828244, 8, 0.12, 327.7, 147, 73, 135
339207946, 2, 20, 47.5635578, -122.0828243, 8, 0.13, 327.7, 147, 72, 135
339408651, 2, 20, 47.5635577, -122.0828242, 8, 0.10, 327.7, 147, 72, 135
339609404, 2, 20, 47.5635574, -122.0828236, 8, 0.11, 327.7, 147, 72, 135
339810172, 2, 20, 47.5635573, -122.0828231, 8, 0.20, 327.7, 147, 72, 135
340010924, 2, 20, 47.5635571, -122.0828227, 8, 0.24, 41.3, 147, 72, 135
340211656, 2, 20, 47.5635569, -122.0828222, 8, 0.24, 81.9, 147, 72, 136
340412425, 2, 20, 47.5635567, -122.0828216, 8, 0.17, 81.9, 147, 73, 136
340613138, 2, 20, 47.5635566, -122.0828214, 8, 0.25, 103.1, 147, 73, 136
340813945, 2, 20, 47.5635564, -122.0828210, 8, 0.17, 103.1, 147, 73, 136
341013962, 2, 20, 47.5635563, -122.0828208, 8, 0.16, 103.1, 147, 73, 136
341214105, 2, 20, 47.5635563, -122.0828196, 8, 0.15, 103.1, 147, 72, 135
341331595, 2, 20, 47.5635563, -122.0828196, 8, 0.31, 81.4, 147, 72, 135
341414897, 2, 20, 47.5635562, -122.0828193, 8, 0.31, 81.4, 147, 72, 135
341615655, 2, 20, 47.5635561, -122.0828193, 8, 0.16, 81.4, 147, 72, 135
341816354, 2, 20, 47.5635562, -122.0828200, 8, 0.08, 81.4, 147, 72, 135
342017129, 2, 20, 47.5635563, -122.0828213, 8, 0.16, 81.4, 147, 72, 135
342217934, 2, 20, 47.5635565, -122.0828231, 8, 0.40, 340.1, 147, 72, 135
342418624, 2, 20, 47.5635567, -122.0828251, 8, 0.52, 310.3, 147, 72, 135
342619344, 2, 20, 47.5635567, -122.0828273, 8, 0.67, 294.0, 147, 72, 135
342820103, 2, 20, 47.5635568, -122.0828296, 8, 0.74, 282.3, 147, 72, 135
343020795, 2, 20, 47.5635571, -122.0828316, 8, 0.84, 277.3, 147, 72, 134
343221686, 2, 20, 47.5635572, -122.0828338, 8, 0.77, 276.9, 147, 72, 134
343401676, 2, 19, 47.5635572, -122.0828338, 8, 0.77, 276.9, 148, 72, 134
343421736, 2, 19, 47.5635577, -122.0828355, 8, 0.77, 276.9, 148, 72, 134
343601501, 2, 20, 47.5635577, -122.0828355, 8, 0.74, 283.3, 147, 72, 134
343621573, 2, 20, 47.5635579, -122.0828370, 8, 0.74, 283.3, 147, 72, 134
343822337, 2, 20, 47.5635584, -122.0828385, 8, 0.67, 287.2, 147, 72, 134
344023046, 2, 20, 47.5635588, -122.0828396, 8, 0.62, 290.9, 147, 72, 134
344223725, 2, 20, 47.5635594, -122.0828410, 8, 0.52, 295.0, 147, 72, 134
344424470, 2, 20, 47.5635600, -122.0828418, 8, 0.58, 295.0, 147, 72, 134
344625194, 2, 20, 47.5635603, -122.0828425, 8, 0.50, 295.0, 147, 72, 134
344825925, 2, 20, 47.5635609, -122.0828427, 8, 0.41, 295.0, 147, 72, 134
345026687, 2, 20, 47.5635620, -122.0828411, 8, 0.41, 295.0, 147, 72, 134
345207267, 2, 19, 47.5635620, -122.0828411, 8, 0.79, 295.0, 148, 72, 134
345227347, 2, 19, 47.5635620, -122.0828423, 8, 0.79, 295.0, 148, 72, 134
345428088, 2, 19, 47.5635621, -122.0828436, 8, 0.34, 295.0, 148, 72, 134
345443128, 2, 19, 47.5635621, -122.0828436, 8, 0.34, 295.0, 148, 72, 134
345628888, 2, 19, 47.5635620, -122.0828446, 8, 0.41, 295.0, 148, 72, 134
345829612, 2, 19, 47.5635620, -122.0828457, 8, 0.37, 295.0, 148, 72, 133
346029649, 2, 19, 47.5635619, -122.0828470, 8, 0.48, 295.0, 148, 72, 134
346231456, 2, 19, 47.5635619, -122.0828478, 8, 0.48, 295.0, 148, 72, 134
346431179, 2, 19, 47.5635618, -122.0828476, 8, 0.29, 295.0, 148, 72, 134
346631921, 2, 19, 47.5635616, -122.0828467, 8, 0.07, 295.0, 148, 72, 134
346832729, 2, 19, 47.5635609, -122.0828460, 8, 0.28, 26.4, 148, 73, 134
347032786, 2, 19, 47.5635606, -122.0828446, 8, 0.60, 118.5, 148, 72, 134
347233510, 2, 19, 47.5635604, -122.0828429, 8, 0.49, 110.5, 148, 72, 134
347434154, 2, 19, 47.5635601, -122.0828414, 8, 0.58, 103.5, 148, 72, 134
347634252, 2, 19, 47.5635600, -122.0828398, 8, 0.60, 103.4, 148, 72, 134
347835001, 2, 19, 47.5635600, -122.0828384, 8, 0.61, 100.1, 148, 72, 134
348035740, 2, 19, 47.5635602, -122.0828364, 8, 0.56, 93.6, 148, 72, 134
348236420, 2, 19, 47.5635601, -122.0828350, 8, 0.67, 83.1, 148, 72, 135
348436229, 2, 19, 47.5635603, -122.0828336, 8, 0.54, 87.8, 148, 73, 135
348637010, 2, 19, 47.5635605, -122.0828336, 8, 0.45, 81.4, 148, 73, 135
348837715, 2, 19, 47.5635607, -122.0828342, 8, 0.32, 25.4, 148, 73, 135
349038398, 2, 19, 47.5635607, -122.0828346, 8, 0.32, 25.4, 148, 73, 135
349239140, 2, 19, 47.5635607, -122.0828344, 8, 0.22, 352.2, 148, 73, 135
349439819, 2, 19, 47.5635609, -122.0828340, 8, 0.09, 352.2, 148, 72, 135
349555358, 2, 19, 47.5635609, -122.0828340, 8, 0.10, 352.2, 148, 72, 135
349640648, 2, 19, 47.5635609, -122.0828337, 8, 0.10, 352.2, 148, 72, 134
349841395, 2, 19, 47.5635611, -122.0828335, 8, 0.10, 352.2, 148, 72, 134
350042110, 2, 19, 47.5635610, -122.0828328, 8, 0.09, 352.2, 148, 72, 134
350242860, 2, 19, 47.5635610, -122.0828320, 9, 0.21, 352.2, 148, 72, 134
350443631, 2, 19, 47.5635611, -122.0828314, 9, 0.21, 352.2, 148, 72, 134
350644402, 2, 19, 47.5635609, -122.0828308, 9, 0.23, 28.0, 148, 72, 134
350845155, 2, 19, 47.5635609, -122.0828302, 9, 0.21, 28.0, 148, 72, 135
351045924, 2, 19, 47.5635609, -122.0828297, 9, 0.20, 28.0, 148, 73, 135
351246575, 2, 19, 47.5635607, -122.0828292, 9, 0.18, 28.0, 148, 73, 135
351447361, 2, 19, 47.5635607, -122.0828289, 9, 0.12, 28.0, 148, 73, 135
351848895, 2, 19, 47.5635607, -122.0828287, 9, 0.06, 28.0, 148, 73, 135
352049608, 2, 19, 47.5635607, -122.0828286, 9, 0.06, 28.0, 148, 73, 136
352250344, 2, 19, 47.5635606, -122.0828284, 9, 0.08, 28.0, 148, 73, 136
352451101, 2, 19, 47.5635605, -122.0828282, 9, 0.08, 28.0, 148, 73, 136
352631753, 2, 20, 47.5635605, -122.0828282, 9, 0.08, 28.0, 147, 73, 136
352651816, 2, 20, 47.5635605, -122.0828278, 9, 0.09, 28.0, 147, 73, 136
352852613, 2, 20, 47.5635606, -122.0828273, 9, 0.07, 28.0, 147, 82, 153
353053375, 2, 20, 47.5635607, -122.0828267, 9, 0.09, 28.0, 147, 95, 178
353254091, 2, 20, 47.5635608, -122.0828263, 9, 0.08, 28.0, 147, 102, 192
353454860, 2, 20, 47.5635608, -122.0828257, 9, 0.12, 28.0, 147, 108, 201
353655639, 2, 20, 47.5635608, -122.0828250, 9, 0.16, 28.0, 147, 109, 203
353666661, 2, 20, 47.5635608, -122.0828250, 9, 0.16, 28.0, 147, 109, 203
353856397, 2, 20, 47.5635607, -122.0828246, 9, 0.17, 28.0, 147, 109, 204
354057134, 2, 20, 47.5635606, -122.0828240, 9, 0.23, 90.7, 147, 109, 204
354257894, 2, 20, 47.5635604, -122.0828233, 9, 0.27, 118.6, 147, 109, 204
354458586, 2, 20, 47.5635603, -122.0828229, 9, 0.20, 118.6, 147, 107, 200
354659372, 2, 20, 47.5635602, -122.0828228, 9, 0.18, 118.6, 147, 98, 182
354860192, 2, 20, 47.5635601, -122.0828228, 9, 0.14, 118.6, 147, 91, 170
355060892, 2, 20, 47.5635600, -122.0828230, 9, 0.17, 118.6, 147, 88, 164
355261654, 2, 20, 47.5635600, -122.0828233, 9, 0.20, 118.6, 147, 86, 160
355462419, 2, 20, 47.5635600, -122.0828238, 9, 0.22, 177.2, 147, 84, 157
355663107, 2, 20, 47.5635602, -122.0828246, 9, 0.34, 252.4, 147, 84, 156
355863807, 2, 20, 47.5635603, -122.0828252, 9, 0.28, 263.4, 147, 85, 158
356064562, 2, 20, 47.5635605, -122.0828261, 9, 0.38, 275.9, 147, 83, 155
356265192, 2, 20, 47.5635609, -122.0828269, 9, 0.34, 279.3, 147, 85, 158
356465944, 2, 20, 47.5635610, -122.0828276, 9, 0.39, 275.6, 147, 86, 160
356666739, 2, 20, 47.5635611, -122.0828283, 9, 0.33, 277.6, 147, 87, 161
356847349, 2, 19, 47.5635611, -122.0828283, 9, 0.33, 277.6, 148, 87, 161
356867432, 2, 19, 47.5635610, -122.0828291, 9, 0.33, 273.8, 148, 73, 135
357048096, 2, 19, 47.5635610, -122.0828300, 9, 0.33, 273.8, 148, 73, 136
357268859, 2, 19, 47.5635610, -122.0828306, 9, 0.21, 276.1, 148, 73, 136
357469553, 2, 19, 47.5635610, -122.0828311, 9, 0.17, 276.1, 148, 73, 136
357670346, 2, 19, 47.5635610, -122.0828316, 9, 0.14, 276.1, 148, 73, 136
357777729, 2, 19, 47.5635610, -122.0828316, 9, 0.14, 276.1, 148, 73, 136
357850971, 2, 20, 47.5635610, -122.0828316, 9, 0.14, 276.1, 147, 73, 136
357871106, 2, 20, 47.5635612, -122.0828318, 9, 0.13, 276.1, 147, 73, 136
358071833, 2, 20, 47.5635614, -122.0828320, 9, 0.13, 276.1, 147, 75, 140
358272603, 2, 20, 47.5635614, -122.0828321, 9, 0.07, 276.1, 147, 83, 155
358473454, 2, 20, 47.5635616, -122.0828320, 9, 0.09, 276.1, 147, 88, 164
358674041, 2, 20, 47.5635617, -122.0828317, 9, 0.05, 276.1, 147, 91, 170
358874838, 2, 20, 47.5635618, -122.0828313, 9, 0.05, 276.1, 147, 93, 174
359075595, 2, 20, 47.5635619, -122.0828310, 9, 0.05, 276.1, 147, 95, 176
359276220, 2, 20, 47.5635620, -122.0828305, 9, 0.04, 276.1, 147, 94, 174
359457014, 2, 19, 47.5635620, -122.0828305, 9, 0.04, 276.1, 148, 94, 174
359477073, 2, 19, 47.5635619, -122.0828303, 9, 0.07, 276.1, 148, 78, 145
359677813, 2, 19, 47.5635619, -122.0828301, 9, 0.11, 276.1, 148, 73, 135
359858447, 2, 20, 47.5635620, -122.0828297, 9, 0.11, 276.1, 147, 73, 135
360079263, 2, 20, 47.5635621, -122.0828293, 9, 0.09, 276.1, 147, 77, 143
360259930, 2, 19, 47.5635620, -122.0828290, 9, 0.09, 276.1, 148, 73, 135
360480707, 2, 19, 47.5635619, -122.0828288, 9, 0.05, 276.1, 148, 73, 134
360661429, 2, 19, 47.5635617, -122.0828287, 9, 0.05, 276.1, 148, 73, 134
360862173, 2, 19, 47.5635615, -122.0828286, 9, 0.14, 276.1, 148, 73, 134
361062883, 2, 19, 47.5635613, -122.0828284, 9, 0.15, 276.1, 148, 73, 134
361263642, 2, 19, 47.5635610, -122.0828282, 9, 0.11, 276.1, 148, 73, 134
361464389, 2, 19, 47.5635608, -122.0828281, 9, 0.13, 276.1, 148, 73, 135
361665067, 2, 19, 47.5635605, -122.0828280, 9, 0.16, 276.1, 148, 73, 134
361865843, 2, 19, 47.5635604, -122.0828279, 9, 0.12, 276.1, 148, 73, 134
361888934, 2, 19, 47.5635604, -122.0828279, 9, 0.11, 276.1, 148, 73, 134
362066615, 2, 19, 47.5635602, -122.0828279, 9, 0.11, 276.1, 148, 73, 134
362267282, 2, 19, 47.5635601, -122.0828281, 9, 0.08, 276.1, 148, 73, 135
362488092, 2, 19, 47.5635602, -122.0828282, 9, 0.06, 276.1, 148, 73, 135
362668756, 2, 19, 47.5635603, -122.0828283, 9, 0.06, 276.1, 148, 73, 135
362869461, 2, 19, 47.5635604, -122.0828284, 9, 0.08, 276.1, 148, 73, 135
363070210, 2, 19, 47.5635605, -122.0828286, 9, 0.09, 276.1, 148, 73, 135
363271013, 2, 19, 47.5635606, -122.0828285, 9, 0.08, 276.1, 148, 73, 135
363471719, 2, 19, 47.5635607, -122.0828284, 9, 0.10, 276.1, 148, 73, 135
363672517, 2, 19, 47.5635608, -122.0828284, 9, 0.09, 276.1, 148, 73, 135
363873231, 2, 19, 47.5635609, -122.0828285, 9, 0.08, 276.1, 148, 73, 135
364073936, 2, 19, 47.5635610, -122.0828284, 9, 0.05, 276.1, 148, 73, 135
364274650, 2, 19, 47.5635611, -122.0828283, 9, 0.10, 276.1, 148, 73, 135
364461339, 2, 20, 47.5635612, -122.0828281, 9, 0.07, 276.1, 147, 74, 135
364876834, 2, 20, 47.5635611, -122.0828280, 9, 0.08, 276.1, 147, 74, 135
365077763, 2, 20, 47.5635612, -122.0828277, 9, 0.10, 276.1, 147, 74, 135
365278553, 2, 20, 47.5635613, -122.0828273, 9, 0.16, 276.1, 147, 74, 135
365478628, 2, 20, 47.5635614, -122.0828269, 9, 0.18, 276.1, 147, 74, 135
365679287, 2, 20, 47.5635614, -122.0828266, 9, 0.21, 330.9, 147, 73, 135
365880298, 2, 20, 47.5635614, -122.0828260, 9, 0.20, 330.9, 147, 73, 134
366000836, 2, 20, 47.5635614, -122.0828260, 9, 0.25, 37.0, 147, 73, 134
366082130, 2, 20, 47.5635614, -122.0828255, 9, 0.25, 37.0, 147, 73, 134
366281148, 2, 20, 47.5635614, -122.0828250, 9, 0.21, 60.8, 147, 73, 135
366502108, 2, 20, 47.5635613, -122.0828245, 9, 0.24, 91.3, 147, 73, 135
366682101, 2, 20, 47.5635611, -122.0828237, 9, 0.24, 91.3, 147, 73, 135
366882887, 2, 20, 47.5635611, -122.0828229, 9, 0.30, 96.0, 147, 73, 135
367083546, 2, 20, 47.5635609, -122.0828222, 9, 0.34, 96.0, 147, 73, 135
367283612, 2, 20, 47.5635608, -122.0828213, 9, 0.35, 103.9, 147, 73, 135
367484354, 2, 20, 47.5635606, -122.0828203, 9, 0.36, 100.7, 147, 73, 134
367685136, 2, 20, 47.5635604, -122.0828194, 9, 0.39, 99.3, 147, 73, 134
367885845, 2, 20, 47.5635602, -122.0828182, 9, 0.36, 101.7, 147, 73, 134
368086591, 2, 20, 47.5635599, -122.0828172, 9, 0.49, 102.1, 147, 73, 134
368287372, 2, 20, 47.5635596, -122.0828158, 9, 0.40, 103.2, 147, 73, 134
368488063, 2, 20, 47.5635594, -122.0828149, 9, 0.53, 102.3, 147, 73, 134
368688833, 2, 20, 47.5635591, -122.0828135, 9, 0.37, 102.9, 147, 73, 134
368889569, 2, 20, 47.5635588, -122.0828124, 9, 0.62, 105.0, 147, 73, 134
369090267, 2, 20, 47.5635585, -122.0828110, 9, 0.47, 104.5, 147, 73, 134
369290987, 2, 20, 47.5635581, -122.0828093, 9, 0.55, 103.6, 147, 73, 134
369491710, 2, 20, 47.5635577, -122.0828079, 9, 0.63, 102.6, 147, 73, 134
369692343, 2, 20, 47.5635576, -122.0828065, 9, 0.56, 105.7, 147, 73, 134
369893129, 2, 20, 47.5635572, -122.0828051, 9, 0.57, 102.1, 147, 73, 134
370093182, 2, 20, 47.5635570, -122.0828037, 9, 0.52, 104.9, 147, 73, 134
370113252, 2, 20, 47.5635570, -122.0828037, 9, 0.54, 103.3, 147, 73, 134
370293924, 2, 20, 47.5635565, -122.0828021, 9, 0.54, 103.3, 147, 73, 134
370494595, 2, 20, 47.5635563, -122.0828007, 9, 0.56, 107.8, 147, 73, 134
370695357, 2, 20, 47.5635560, -122.0827992, 9, 0.57, 103.2, 147, 73, 134
370896117, 2, 20, 47.5635556, -122.0827976, 9, 0.57, 102.6, 147, 73, 134
371096840, 2, 20, 47.5635553, -122.0827961, 9, 0.60, 103.5, 147, 73, 134
371297646, 2, 20, 47.5635549, -122.0827953, 9, 0.61, 107.1, 147, 73, 134
371498413, 2, 20, 47.5635546, -122.0827958, 9, 0.37, 108.7, 147, 73, 134
371699063, 2, 20, 47.5635540, -122.0827976, 9, 0.25, 108.7, 147, 73, 134
371899878, 2, 20, 47.5635541, -122.0828006, 9, 0.68, 213.4, 147, 73, 134
372100685, 2, 20, 47.5635547, -122.0828042, 9, 1.07, 255.0, 147, 73, 134
372301362, 2, 20, 47.5635555, -122.0828079, 9, 1.40, 274.2, 147, 73, 134
372502102, 2, 20, 47.5635565, -122.0828118, 8, 1.49, 281.5, 147, 73, 134
372702858, 2, 20, 47.5635574, -122.0828155, 8, 1.57, 286.4, 147, 73, 134
372903531, 2, 20, 47.5635584, -122.0828184, 8, 1.50, 288.1, 147, 73, 134
373104272, 2, 20, 47.5635597, -122.0828209, 8, 1.30, 292.0, 147, 73, 134
373305042, 2, 20, 47.5635609, -122.0828225, 8, 1.12, 299.4, 147, 73, 134
373505776, 2, 20, 47.5635617, -122.0828235, 8, 0.85, 305.0, 147, 73, 134
373706551, 2, 20, 47.5635626, -122.0828244, 8, 0.59, 310.6, 147, 73, 134
373907282, 2, 20, 47.5635634, -122.0828253, 8, 0.55, 317.5, 147, 73, 134
374107968, 2, 20, 47.5635636, -122.0828257, 8, 0.56, 323.6, 147, 73, 134
374224381, 2, 20, 47.5635636, -122.0828257, 8, 0.24, 321.5, 147, 73, 134
374308650, 2, 20, 47.5635641, -122.0828261, 8, 0.24, 321.5, 147, 73, 134
374509286, 2, 20, 47.5635643, -122.0828263, 8, 0.27, 325.5, 147, 73, 134
374710145, 2, 20, 47.5635645, -122.0828266, 8, 0.17, 325.5, 147, 73, 134
374910087, 2, 20, 47.5635647, -122.0828267, 8, 0.16, 325.5, 147, 73, 135
375110920, 2, 20, 47.5635645, -122.0828271, 8, 0.14, 325.5, 147, 73, 135
375311627, 2, 20, 47.5635640, -122.0828274, 8, 0.14, 325.5, 147, 73, 135
375512656, 2, 20, 47.5635633, -122.0828269, 8, 0.25, 269.2, 147, 73, 135
375713480, 2, 20, 47.5635623, -122.0828270, 8, 0.47, 187.7, 147, 73, 135
375914245, 2, 20, 47.5635612, -122.0828267, 8, 0.47, 187.7, 147, 73, 135
376114899, 2, 20, 47.5635604, -122.0828261, 8, 0.54, 177.6, 147, 73, 136
376314883, 2, 20, 47.5635595, -122.0828242, 8, 0.46, 165.1, 147, 73, 136
376515721, 2, 20, 47.5635588, -122.0828221, 8, 0.86, 122.1, 147, 73, 136
376716571, 2, 20, 47.5635581, -122.0828199, 8, 0.83, 115.6, 147, 73, 136
376917224, 2, 20, 47.5635577, -122.0828182, 8, 0.83, 115.6, 147, 73, 136
377118026, 2, 20, 47.5635574, -122.0828176, 8, 0.64, 114.3, 147, 74, 136
377318795, 2, 20, 47.5635572, -122.0828184, 8, 0.25, 114.3, 147, 74, 136
377519408, 2, 20, 47.5635573, -122.0828197, 8, 0.29, 141.3, 147, 74, 137
377720229, 2, 20, 47.5635577, -122.0828213, 8, 0.51, 244.5, 147, 74, 137
377921049, 2, 20, 47.5635577, -122.0828223, 8, 0.50, 272.9, 147, 74, 137
378121732, 2, 20, 47.5635581, -122.0828227, 8, 0.50, 272.9, 147, 73, 137
378322480, 2, 20, 47.5635584, -122.0828225, 8, 0.28, 282.0, 147, 73, 136
378336534, 2, 20, 47.5635584, -122.0828225, 8, 0.28, 282.0, 147, 73, 136
378523249, 2, 20, 47.5635586, -122.0828218, 8, 0.27, 324.0, 147, 73, 136
378723996, 2, 20, 47.5635590, -122.0828210, 8, 0.33, 25.0, 147, 73, 136
378924757, 2, 20, 47.5635594, -122.0828200, 9, 0.43, 50.0, 147, 73, 136
379125519, 2, 20, 47.5635596, -122.0828189, 9, 0.41, 56.3, 147, 73, 136
379326270, 2, 20, 47.5635600, -122.0828177, 9, 0.48, 61.7, 147, 73, 136
379527093, 2, 20, 47.5635603, -122.0828168, 9, 0.40, 65.5, 147, 73, 136
379727845, 2, 20, 47.5635606, -122.0828159, 9, 0.31, 65.5, 147, 73, 136
379928468, 2, 20, 47.5635607, -122.0828150, 9, 0.32, 70.8, 147, 73, 136
380129304, 2, 20, 47.5635608, -122.0828144, 9, 0.27, 73.1, 147, 73, 136
380330054, 2, 20, 47.5635609, -122.0828138, 9, 0.29, 76.4, 147, 73, 136
380530700, 2, 20, 47.5635610, -122.0828131, 9, 0.28, 77.5, 147, 73, 136
380731455, 2, 20, 47.5635611, -122.0828124, 9, 0.27, 81.9, 147, 73, 136
380932218, 2, 20, 47.5635610, -122.0828123, 9, 0.05, 81.9, 147, 73, 136
381132866, 2, 20, 47.5635609, -122.0828127, 9, 0.16, 81.9, 147, 73, 136
381333607, 2, 20, 47.5635607, -122.0828134, 9, 0.27, 163.6, 147, 73, 136
381534391, 2, 20, 47.5635605, -122.0828142, 9, 0.29, 203.2, 147, 73, 136
381735048, 2, 20, 47.5635601, -122.0828150, 9, 0.29, 220.7, 147, 73, 136
381935852, 2, 20, 47.5635598, -122.0828161, 9, 0.36, 229.0, 147, 73, 136
382136582, 2, 20, 47.5635595, -122.0828170, 9, 0.27, 231.0, 147, 73, 135
382337284, 2, 20, 47.5635590, -122.0828180, 9, 0.41, 226.7, 147, 73, 135
382447697, 2, 20, 47.5635590, -122.0828180, 9, 0.41, 226.7, 147, 73, 135
382537968, 2, 20, 47.5635585, -122.0828187, 9, 0.30, 223.3, 147, 73, 136
382738728, 2, 20, 47.5635580, -122.0828195, 9, 0.39, 221.4, 147, 73, 136
382939366, 2, 20, 47.5635575, -122.0828201, 9, 0.31, 221.4, 147, 73, 136
383140178, 2, 20, 47.5635572, -122.0828211, 8, 0.34, 231.2, 147, 74, 135
383340993, 2, 20, 47.5635571, -122.0828217, 8, 0.28, 238.7, 147, 74, 136
383541669, 2, 20, 47.5635571, -122.0828225, 8, 0.29, 252.0, 147, 74, 135
383742381, 2, 20, 47.5635571, -122.0828234, 8, 0.35, 258.4, 147, 74, 135
383943153, 2, 20, 47.5635570, -122.0828242, 8, 0.26, 258.2, 147, 74, 135
384143860, 2, 20, 47.5635569, -122.0828251, 8, 0.27, 256.9, 147, 73, 135
384344644, 2, 20, 47.5635567, -122.0828261, 8, 0.20, 256.9, 147, 73, 135
384545480, 2, 20, 47.5635566, -122.0828266, 8, 0.16, 256.9, 147, 73, 135
384726075, 2, 20, 47.5635564, -122.0828272, 8, 0.16, 256.9, 147, 73, 135
384946848, 2, 20, 47.5635562, -122.0828274, 8, 0.10, 256.9, 147, 73, 135
385147600, 2, 20, 47.5635560, -122.0828277, 8, 0.13, 256.9, 147, 73, 135
385348284, 2, 20, 47.5635558, -122.0828278, 8, 0.15, 256.9, 147, 73, 135
385549060, 2, 20, 47.5635554, -122.0828279, 8, 0.18, 256.9, 147, 73, 135
385749811, 2, 20, 47.5635551, -122.0828280, 8, 0.17, 256.9, 147, 73, 135
385950549, 2, 20, 47.5635548, -122.0828281, 8, 0.16, 256.9, 147, 73, 134
386151304, 2, 20, 47.5635543, -122.0828280, 8, 0.24, 218.6, 147, 73, 134
386352053, 2, 20, 47.5635539, -122.0828280, 8, 0.21, 218.6, 147, 73, 134
386552811, 2, 20, 47.5635537, -122.0828282, 8, 0.11, 218.6, 147, 73, 135
386558838, 2, 20, 47.5635537, -122.0828282, 8, 0.11, 218.6, 147, 73, 135
386753559, 2, 20, 47.5635538, -122.0828282, 8, 0.06, 218.6, 147, 73, 135
386954292, 2, 20, 47.5635541, -122.0828287, 8, 0.22, 218.6, 147, 73, 135
387154977, 2, 20, 47.5635546, -122.0828291, 8, 0.28, 289.0, 147, 73, 135
387335698, 2, 20, 47.5635550, -122.0828295, 8, 0.28, 289.0, 147, 73, 135
387536424, 2, 20, 47.5635554, -122.0828300, 8, 0.28, 315.5, 147, 73, 135
387757136, 2, 20, 47.5635558, -122.0828304, 8, 0.27, 334.3, 147, 73, 135
387937880, 2, 20, 47.5635562, -122.0828308, 8, 0.27, 334.3, 147, 73, 135
388138658, 2, 20, 47.5635566, -122.0828310, 8, 0.23, 334.3, 147, 73, 135
388359438, 2, 20, 47.5635570, -122.0828311, 8, 0.23, 334.3, 147, 73, 135
388560139, 2, 20, 47.5635573, -122.0828310, 8, 0.17, 334.3, 147, 73, 135
388740814, 2, 20, 47.5635575, -122.0828310, 8, 0.17, 334.3, 147, 73, 135
388941487, 2, 20, 47.5635578, -122.0828309, 8, 0.12, 334.3, 147, 73, 135
389142329, 2, 20, 47.5635580, -122.0828309, 8, 0.11, 334.3, 147, 73, 135
389343106, 2, 20, 47.5635581, -122.0828307, 8, 0.10, 334.3, 147, 73, 135
389563903, 2, 20, 47.5635582, -122.0828305, 8, 0.09, 334.3, 147, 73, 135
389744602, 2, 20, 47.5635582, -122.0828302, 8, 0.09, 334.3, 147, 73, 135
389945417, 2, 20, 47.5635582, -122.0828300, 8, 0.10, 334.3, 147, 73, 135
390146172, 2, 20, 47.5635582, -122.0828297, 8, 0.09, 334.3, 147, 73, 135
390346938, 2, 20, 47.5635583, -122.0828294, 8, 0.10, 334.3, 147, 73, 134
390547729, 2, 20, 47.5635584, -122.0828293, 8, 0.08, 334.3, 147, 73, 134
390670110, 2, 20, 47.5635584, -122.0828293, 8, 0.06, 334.3, 147, 73, 134
390748368, 2, 20, 47.5635585, -122.0828293, 8, 0.06, 334.3, 147, 73, 134
391149906, 2, 20, 47.5635586, -122.0828293, 8, 0.06, 334.3, 147, 73, 134
391350573, 2, 20, 47.5635587, -122.0828293, 8, 0.05, 334.3, 147, 73, 134
391752023, 2, 20, 47.5635587, -122.0828292, 8, 0.02, 334.3, 147, 73, 134
391952725, 2, 20, 47.5635586, -122.0828292, 8, 0.00, 334.3, 147, 73, 134
392153455, 2, 20, 47.5635585, -122.0828292, 8, 0.04, 334.3, 147, 73, 134
392353304, 2, 20, 47.5635584, -122.0828291, 8, 0.05, 334.3, 147, 73, 134
392553920, 2, 20, 47.5635584, -122.0828290, 8, 0.11, 334.3, 147, 72, 134
392754756, 2, 20, 47.5635583, -122.0828289, 8, 0.09, 334.3, 147, 72, 134
392955502, 2, 20, 47.5635581, -122.0828288, 8, 0.15, 334.3, 147, 72, 133
393156199, 2, 20, 47.5635581, -122.0828290, 8, 0.14, 334.3, 147, 72, 133
393356959, 2, 20, 47.5635580, -122.0828295, 8, 0.10, 334.3, 147, 72, 133
393557742, 2, 20, 47.5635578, -122.0828300, 8, 0.18, 334.3, 147, 72, 133
393758428, 2, 20, 47.5635577, -122.0828305, 8, 0.24, 292.7, 147, 72, 133
393959153, 2, 20, 47.5635576, -122.0828311, 8, 0.20, 292.7, 147, 72, 133
394159903, 2, 20, 47.5635573, -122.0828315, 8, 0.20, 292.7, 147, 72, 133
394360603, 2, 20, 47.5635570, -122.0828319, 8, 0.22, 264.3, 147, 72, 133
394561309, 2, 20, 47.5635567, -122.0828323, 8, 0.22, 264.3, 147, 72, 133
394762114, 2, 20, 47.5635563, -122.0828327, 8, 0.24, 231.2, 147, 72, 133
394781195, 2, 20, 47.5635563, -122.0828327, 8, 0.24, 231.2, 147, 72, 133
394962867, 2, 20, 47.5635558, -122.0828332, 8, 0.23, 231.2, 147, 72, 133
395163568, 2, 20, 47.5635554, -122.0828334, 8, 0.27, 213.1, 147, 72, 133
395364315, 2, 20, 47.5635552, -122.0828337, 8, 0.23, 213.1, 147, 72, 133
395565058, 2, 20, 47.5635550, -122.0828339, 8, 0.19, 213.1, 147, 72, 133
395765853, 2, 20, 47.5635549, -122.0828341, 8, 0.10, 213.1, 147, 72, 133
395966585, 2, 20, 47.5635548, -122.0828343, 8, 0.07, 213.1, 147, 72, 134
396167322, 2, 20, 47.5635546, -122.0828344, 8, 0.07, 213.1, 147, 72, 134
396368056, 2, 20, 47.5635544, -122.0828345, 8, 0.07, 213.1, 147, 72, 134
396568766, 2, 20, 47.5635542, -122.0828347, 8, 0.08, 213.1, 147, 73, 134
396769536, 2, 20, 47.5635540, -122.0828348, 8, 0.12, 213.1, 147, 73, 134
396970274, 2, 20, 47.5635537, -122.0828346, 8, 0.17, 213.1, 147, 73, 134
397171025, 2, 20, 47.5635534, -122.0828344, 8, 0.14, 213.1, 147, 73, 134
397371785, 2, 20, 47.5635529, -122.0828343, 8, 0.20, 213.1, 147, 73, 134
397572504, 2, 20, 47.5635526, -122.0828342, 8, 0.25, 191.0, 147, 73, 134
397773208, 2, 20, 47.5635521, -122.0828339, 8, 0.23, 191.0, 147, 73, 134
397973981, 2, 20, 47.5635516, -122.0828336, 8, 0.30, 165.8, 147, 73, 134
398174660, 2, 20, 47.5635513, -122.0828334, 8, 0.30, 161.5, 147, 73, 134
398374443, 2, 20, 47.5635514, -122.0828334, 8, 0.20, 161.5, 147, 73, 134
398575132, 2, 20, 47.5635519, -122.0828337, 8, 0.02, 161.5, 147, 73, 134
398775766, 2, 20, 47.5635527, -122.0828342, 8, 0.29, 80.1, 147, 73, 135
398892240, 2, 20, 47.5635527, -122.0828342, 8, 0.49, 359.9, 147, 73, 135
398976530, 2, 20, 47.5635537, -122.0828347, 8, 0.49, 359.9, 147, 73, 135
399176358, 2, 20, 47.5635546, -122.0828351, 8, 0.56, 349.4, 147, 73, 135
399376412, 2, 20, 47.5635556, -122.0828357, 7, 0.56, 344.2, 147, 73, 135
399577293, 2, 20, 47.5635567, -122.0828364, 7, 0.60, 341.5, 147, 73, 135
399777333, 2, 20, 47.5635578, -122.0828369, 7, 0.63, 338.6, 147, 73, 135
399978011, 2, 20, 47.5635584, -122.0828373, 7, 0.61, 339.6, 147, 73, 135
400178757, 2, 20, 47.5635591, -122.0828377, 7, 0.51, 339.8, 147, 73, 135
400379497, 2, 20, 47.5635597, -122.0828380, 7, 0.41, 341.9, 147, 73, 135
400580225, 2, 20, 47.5635602, -122.0828381, 7, 0.38, 338.3, 147, 73, 135
400780986, 2, 20, 47.5635606, -122.0828378, 7, 0.31, 339.4, 147, 73, 135
400981770, 2, 20, 47.5635608, -122.0828379, 7, 0.29, 348.4, 147, 73, 135
401182444, 2, 20, 47.5635610, -122.0828380, 7, 0.19, 348.4, 147, 73, 135
401383200, 2, 20, 47.5635612, -122.0828379, 7, 0.23, 344.8, 147, 73, 135
401583932, 2, 20, 47.5635613, -122.0828381, 7, 0.13, 344.8, 147, 72, 135
401985416, 2, 20, 47.5635614, -122.0828382, 7, 0.11, 344.8, 147, 72, 135
402186121, 2, 20, 47.5635615, -122.0828382, 7, 0.09, 344.8, 147, 72, 134
402386828, 2, 20, 47.5635616, -122.0828382, 8, 0.07, 344.8, 147, 72, 134
402586572, 2, 20, 47.5635615, -122.0828382, 8, 0.05, 344.8, 147, 72, 134
402787291, 2, 20, 47.5635615, -122.0828381, 8, 0.01, 344.8, 147, 72, 134
402989027, 2, 20, 47.5635614, -122.0828377, 8, 0.04, 344.8, 147, 72, 134
403004095, 2, 20, 47.5635614, -122.0828377, 8, 0.04, 344.8, 147, 72, 134
403188792, 2, 20, 47.5635612, -122.0828376, 8, 0.10, 344.8, 147, 72, 134
403389590, 2, 20, 47.5635611, -122.0828376, 8, 0.11, 344.8, 147, 72, 134
403590302, 2, 20, 47.5635609, -122.0828375, 8, 0.12, 344.8, 147, 72, 134
403792019, 2, 20, 47.5635605, -122.0828371, 8, 0.12, 344.8, 147, 72, 134
403991775, 2, 20, 47.5635601, -122.0828369, 8, 0.18, 344.8, 147, 72, 134
404192486, 2, 20, 47.5635597, -122.0828368, 8, 0.23, 72.5, 147, 72, 134
404393199, 2, 20, 47.5635591, -122.0828364, 7, 0.23, 72.5, 147, 72, 134
404594944, 2, 20, 47.5635587, -122.0828362, 7, 0.34, 125.0, 147, 72, 134
404794611, 2, 20, 47.5635580, -122.0828359, 7, 0.25, 139.0, 147, 72, 135
404995322, 2, 20, 47.5635573, -122.0828353, 7, 0.34, 154.3, 147, 72, 135
405196084, 2, 20, 47.5635570, -122.0828354, 7, 0.47, 150.0, 147, 72, 134
405397839, 2, 20, 47.5635562, -122.0828345, 7, 0.19, 150.0, 147, 72, 134
405597595, 2, 20, 47.5635557, -122.0828345, 7, 0.49, 148.3, 147, 72, 134
405798318, 2, 20, 47.5635552, -122.0828344, 7, 0.24, 151.4, 147, 72, 134
405999024, 2, 20, 47.5635548, -122.0828342, 7, 0.28, 156.0, 147, 72, 134
406200821, 2, 20, 47.5635545, -122.0828341, 7, 0.22, 156.0, 147, 72, 134
406400611, 2, 20, 47.5635543, -122.0828340, 7, 0.15, 156.0, 147, 72, 134
406601292, 2, 20, 47.5635539, -122.0828340, 7, 0.06, 156.0, 147, 72, 134
406802068, 2, 20, 47.5635535, -122.0828341, 7, 0.06, 156.0, 147, 72, 133
407003902, 2, 20, 47.5635531, -122.0828341, 7, 0.07, 156.0, 147, 72, 133
407115290, 2, 20, 47.5635531, -122.0828341, 7, 0.07, 156.0, 147, 72, 133
407203590, 2, 20, 47.5635527, -122.0828342, 7, 0.07, 156.0, 147, 72, 133
407404381, 2, 20, 47.5635523, -122.0828342, 7, 0.06, 156.0, 147, 72, 133
407605137, 2, 20, 47.5635519, -122.0828343, 7, 0.08, 156.0, 147, 72, 133
407806854, 2, 20, 47.5635515, -122.0828346, 8, 0.07, 156.0, 147, 72, 132
407986555, 2, 19, 47.5635515, -122.0828346, 8, 0.07, 156.0, 163, 72, 132
408006619, 2, 19, 47.5635510, -122.0828345, 8, 0.14, 156.0, 163, 72, 132
408207382, 2, 19, 47.5635504, -122.0828348, 8, 0.12, 156.0, 163, 72, 132
408408154, 2, 19, 47.5635499, -122.0828349, 8, 0.08, 156.0, 163, 71, 132
408609866, 2, 19, 47.5635497, -122.0828351, 8, 0.08, 156.0, 163, 71, 132
408809730, 2, 19, 47.5635496, -122.0828353, 8, 0.06, 156.0, 163, 71, 132
409010017, 2, 19, 47.5635493, -122.0828355, 8, 0.02, 156.0, 163, 71, 132
409190689, 2, 20, 47.5635493, -122.0828355, 8, 0.05, 156.0, 147, 71, 132
409210738, 2, 20, 47.5635493, -122.0828359, 8, 0.07, 156.0, 147, 71, 131
409411461, 2, 20, 47.5635493, -122.0828364, 8, 0.06, 156.0, 147, 71, 130
409612364, 2, 20, 47.5635500, -122.0828370, 8, 0.07, 156.0, 147, 70, 129
409812507, 2, 20, 47.5635506, -122.0828378, 8, 0.06, 156.0, 147, 70, 129
410013245, 2, 20, 47.5635507, -122.0828381, 9, 0.06, 156.0, 147, 70, 129
410213942, 2, 20, 47.5635512, -122.0828383, 9, 0.10, 156.0, 147, 70, 128
410414646, 2, 20, 47.5635514, -122.0828385, 9, 0.05, 156.0, 147, 70, 127
410615412, 2, 20, 47.5635515, -122.0828389, 9, 0.01, 156.0, 147, 70, 127
410816151, 2, 20, 47.5635516, -122.0828395, 9, 0.04, 156.0, 147, 69, 127
411016859, 2, 20, 47.5635516, -122.0828398, 9, 0.07, 156.0, 147, 69, 126
411227667, 2, 20, 47.5635516, -122.0828398, 9, 0.08, 156.0, 147, 69, 126
411418411, 2, 20, 47.5635515, -122.0828396, 9, 0.13, 156.0, 147, 69, 126
411619141, 2, 20, 47.5635517, -122.0828397, 9, 0.08, 156.0, 147, 69, 126
411819892, 2, 20, 47.5635518, -122.0828399, 8, 0.10, 156.0, 147, 69, 126
412020680, 2, 20, 47.5635520, -122.0828402, 8, 0.09, 156.0, 147, 69, 126
412221335, 2, 20, 47.5635519, -122.0828403, 8, 0.15, 156.0, 147, 69, 126
412422042, 2, 20, 47.5635520, -122.0828402, 8, 0.15, 156.0, 147, 69, 125
412622006, 2, 20, 47.5635518, -122.0828393, 8, 0.10, 156.0, 147, 69, 125
412822131, 2, 20, 47.5635518, -122.0828384, 9, 0.16, 156.0, 147, 68, 124
413022883, 2, 20, 47.5635521, -122.0828378, 9, 0.21, 156.0, 147, 68, 124
413223602, 2, 20, 47.5635525, -122.0828374, 9, 0.21, 156.0, 147, 67, 123
413424389, 2, 20, 47.5635528, -122.0828367, 9, 0.24, 100.4, 147, 67, 123
413625125, 2, 20, 47.5635531, -122.0828362, 9, 0.22, 100.4, 147, 66, 123
413825768, 2, 20, 47.5635535, -122.0828356, 9, 0.24, 100.4, 147, 66, 122
414026558, 2, 20, 47.5635537, -122.0828351, 9, 0.19, 100.4, 147, 66, 122
414227289, 2, 20, 47.5635540, -122.0828347, 9, 0.19, 100.4, 147, 65, 122
414427987, 2, 20, 47.5635543, -122.0828341, 9, 0.18, 100.4, 147, 65, 121
414628750, 2, 20, 47.5635544, -122.0828336, 9, 0.18, 100.4, 147, 65, 121
414828641, 2, 20, 47.5635545, -122.0828328, 9, 0.17, 100.4, 147, 64, 121
415028562, 2, 20, 47.5635547, -122.0828320, 9, 0.19, 100.4, 147, 64, 121
415228620, 2, 20, 47.5635548, -122.0828310, 9, 0.22, 100.4, 147, 64, 121
415340039, 2, 20, 47.5635548, -122.0828310, 9, 0.22, 100.4, 147, 64, 121
415429599, 2, 20, 47.5635548, -122.0828301, 9, 0.18, 100.4, 147, 63, 120
415629604, 2, 20, 47.5635549, -122.0828294, 9, 0.18, 100.4, 147, 63, 119
415830257, 2, 20, 47.5635551, -122.0828286, 9, 0.19, 100.4, 147, 63, 118
416032013, 2, 20, 47.5635552, -122.0828280, 10, 0.17, 100.4, 147, 62, 118
416231738, 2, 20, 47.5635553, -122.0828274, 10, 0.16, 100.4, 147, 62, 117
416432495, 2, 20, 47.5635555, -122.0828267, 10, 0.23, 77.7, 147, 62, 117
416633244, 2, 20, 47.5635554, -122.0828261, 10, 0.18, 77.7, 147, 61, 116
416834975, 2, 20, 47.5635554, -122.0828254, 10, 0.18, 77.7, 147, 61, 116
417034650, 2, 20, 47.5635554, -122.0828248, 10, 0.19, 77.7, 147, 60, 116
417235405, 2, 20, 47.5635555, -122.0828253, 10, 0.19, 77.7, 147, 60, 116
417436209, 2, 20, 47.5635556, -122.0828255, 10, 0.20, 77.7, 147, 60, 116
417637874, 2, 20, 47.5635557, -122.0828250, 10, 0.22, 74.5, 147, 59, 115
417836980, 2, 20, 47.5635559, -122.0828245, 10, 0.28, 72.3, 147, 60, 115
418037789, 2, 20, 47.5635560, -122.0828239, 10, 0.21, 72.3, 147, 60, 115
418238543, 2, 20, 47.5635561, -122.0828233, 10, 0.20, 72.3, 147, 60, 115
418439306, 2, 20, 47.5635562, -122.0828232, 10, 0.03, 72.3, 147, 60, 115
418640114, 2, 20, 47.5635563, -122.0828241, 10, 0.37, 324.4, 147, 60, 115
418840873, 2, 20, 47.5635564, -122.0828258, 10, 0.68, 285.3, 147, 60, 115
419041531, 2, 20, 47.5635563, -122.0828278, 10, 0.82, 275.3, 147, 60, 114
419242284, 2, 20, 47.5635565, -122.0828303, 10, 1.00, 273.6, 147, 60, 114
419443041, 2, 20, 47.5635565, -122.0828330, 10, 1.06, 269.8, 147, 59, 114
419452071, 2, 20, 47.5635565, -122.0828330, 10, 1.06, 269.8, 147, 59, 114
419643678, 2, 20, 47.5635566, -122.0828358, 10, 1.00, 269.6, 147, 59, 114
419844501, 2, 20, 47.5635564, -122.0828389, 10, 1.08, 267.5, 147, 59, 114
420044592, 2, 20, 47.5635561, -122.0828412, 10, 0.93, 264.5, 147, 59, 114
420245384, 2, 20, 47.5635557, -122.0828428, 10, 0.70, 260.4, 147, 59, 114
420446105, 2, 20, 47.5635555, -122.0828441, 10, 0.60, 260.0, 147, 59, 114
420646787, 2, 20, 47.5635552, -122.0828441, 10, 0.27, 256.2, 147, 59, 114
420847551, 2, 20, 47.5635549, -122.0828442, 10, 0.20, 256.2, 147, 59, 113
421048223, 2, 20, 47.5635545, -122.0828440, 10, 0.13, 256.2, 147, 59, 114
421249106, 2, 20, 47.5635542, -122.0828436, 10, 0.10, 256.2, 147, 59, 114
421449069, 2, 20, 47.5635538, -122.0828431, 10, 0.15, 256.2, 147, 59, 114
421649790, 2, 20, 47.5635534, -122.0828427, 10, 0.23, 216.9, 147, 59, 114
421850519, 2, 20, 47.5635529, -122.0828426, 10, 0.23, 179.4, 147, 58, 114
422051279, 2, 20, 47.5635525, -122.0828422, 10, 0.26, 157.8, 147, 59, 114
422252006, 2, 20, 47.5635520, -122.0828416, 10, 0.31, 153.5, 147, 59, 114
422452670, 2, 20, 47.5635515, -122.0828408, 10, 0.34, 141.0, 147, 59, 114
422653445, 2, 20, 47.5635509, -122.0828401, 10, 0.33, 144.3, 147, 59, 114
422854196, 2, 20, 47.5635502, -122.0828392, 10, 0.43, 143.6, 147, 59, 114
423054804, 2, 20, 47.5635496, -122.0828386, 10, 0.32, 145.0, 147, 58, 114
423255663, 2, 20, 47.5635491, -122.0828378, 10, 0.36, 138.9, 147, 58, 114
423456503, 2, 20, 47.5635487, -122.0828372, 10, 0.24, 139.0, 147, 58, 114
423563904, 2, 20, 47.5635487, -122.0828372, 10, 0.24, 139.0, 147, 58, 114
423657204, 2, 20, 47.5635484, -122.0828367, 10, 0.23, 136.1, 147, 58, 114
423857982, 2, 20, 47.5635480, -122.0828362, 10, 0.24, 130.0, 147, 59, 115
424058760, 2, 20, 47.5635481, -122.0828360, 10, 0.12, 130.0, 147, 59, 114
424258887, 2, 20, 47.5635481, -122.0828355, 9, 0.22, 111.5, 147, 59, 114
424458874, 2, 20, 47.5635482, -122.0828351, 9, 0.14, 111.5, 147, 59, 114
424659048, 2, 20, 47.5635482, -122.0828346, 9, 0.22, 101.9, 147, 59, 114
424859775, 2, 20, 47.5635480, -122.0828343, 9, 0.17, 101.9, 147, 59, 114
425060455, 2, 20, 47.5635480, -122.0828338, 9, 0.20, 101.9, 147, 59, 114
425261271, 2, 20, 47.5635480, -122.0828331, 9, 0.29, 100.6, 147, 59, 114
425462004, 2, 20, 47.5635480, -122.0828326, 9, 0.18, 100.6, 147, 59, 114
425662742, 2, 20, 47.5635479, -122.0828321, 9, 0.24, 96.8, 147, 60, 115
425863475, 2, 20, 47.5635480, -122.0828316, 9, 0.21, 96.8, 147, 60, 115
426064227, 2, 20, 47.5635481, -122.0828313, 9, 0.14, 96.8, 147, 60, 116
426244768, 2, 20, 47.5635484, -122.0828312, 9, 0.14, 96.8, 147, 60, 116
426464782, 2, 20, 47.5635488, -122.0828314, 9, 0.17, 96.8, 147, 61, 116
426665601, 2, 20, 47.5635491, -122.0828317, 9, 0.21, 96.8, 147, 61, 116
426866341, 2, 20, 47.5635494, -122.0828323, 9, 0.21, 96.8, 147, 61, 116
427067023, 2, 20, 47.5635499, -122.0828333, 9, 0.41, 328.5, 147, 60, 116
427267915, 2, 20, 47.5635503, -122.0828340, 9, 0.31, 321.1, 147, 60, 116
427468855, 2, 20, 47.5635508, -122.0828350, 9, 0.45, 304.2, 147, 60, 116
427668604, 2, 20, 47.5635511, -122.0828361, 9, 0.52, 298.6, 147, 59, 116
427676630, 2, 20, 47.5635511, -122.0828361, 9, 0.52, 298.6, 147, 59, 116
427869327, 2, 20, 47.5635514, -122.0828373, 9, 0.54, 295.5, 147, 59, 116
428070040, 2, 20, 47.5635519, -122.0828384, 9, 0.44, 298.2, 147, 59, 116
428271840, 2, 20, 47.5635521, -122.0828396, 9, 0.47, 289.2, 147, 59, 117
428471504, 2, 20, 47.5635527, -122.0828410, 9, 0.53, 297.2, 147, 60, 117
428672279, 2, 20, 47.5635532, -122.0828422, 9, 0.45, 296.9, 147, 60, 117
428873040, 2, 20, 47.5635537, -122.0828432, 9, 0.46, 302.1, 147, 60, 117
429053678, 2, 20, 47.5635539, -122.0828444, 9, 0.46, 302.1, 147, 60, 117
429254508, 2, 20, 47.5635546, -122.0828453, 9, 0.45, 295.9, 147, 60, 117
429475362, 2, 20, 47.5635549, -122.0828464, 9, 0.41, 300.1, 147, 60, 116
429676055, 2, 20, 47.5635552, -122.0828476, 9, 0.45, 298.6, 147, 60, 116
429856736, 2, 20, 47.5635553, -122.0828486, 9, 0.45, 298.6, 147, 60, 116
430056750, 2, 20, 47.5635554, -122.0828492, 9, 0.33, 293.4, 147, 60, 116
430257488, 2, 20, 47.5635554, -122.0828501, 9, 0.20, 293.6, 147, 61, 116
430458213, 2, 20, 47.5635554, -122.0828504, 9, 0.26, 279.3, 147, 61, 116
430679006, 2, 20, 47.5635555, -122.0828513, 9, 0.32, 284.2, 147, 61, 117
430879768, 2, 20, 47.5635553, -122.0828519, 9, 0.21, 284.2, 147, 62, 117
431060328, 2, 20, 47.5635553, -122.0828523, 9, 0.21, 284.2, 147, 62, 117
431280523, 2, 20, 47.5635552, -122.0828523, 9, 0.13, 284.2, 147, 62, 117
431481297, 2, 20, 47.5635552, -122.0828522, 9, 0.10, 284.2, 147, 62, 118
431682031, 2, 20, 47.5635552, -122.0828521, 9, 0.06, 284.2, 147, 62, 118
431788382, 2, 20, 47.5635552, -122.0828521, 9, 0.06, 284.2, 147, 62, 118
431862647, 2, 20, 47.5635551, -122.0828522, 9, 0.06, 284.2, 147, 62, 119
432063403, 2, 20, 47.5635550, -122.0828521, 9, 0.05, 284.2, 147, 62, 119
432464899, 2, 20, 47.5635550, -122.0828520, 9, 0.03, 284.2, 147, 63, 120
432685674, 2, 20, 47.5635550, -122.0828521, 9, 0.06, 284.2, 147, 64, 121
432866345, 2, 20, 47.5635547, -122.0828516, 9, 0.06, 284.2, 147, 64, 121
433067015, 2, 20, 47.5635546, -122.0828508, 9, 0.19, 234.0, 147, 64, 121
433267802, 2, 20, 47.5635546, -122.0828501, 9, 0.24, 161.7, 147, 64, 121
433468553, 2, 20, 47.5635541, -122.0828493, 9, 0.27, 142.7, 147, 64, 120
433669300, 2, 20, 47.5635538, -122.0828486, 9, 0.32, 131.8, 147, 63, 120
433870033, 2, 20, 47.5635534, -122.0828480, 9, 0.25, 125.5, 147, 63, 120
434070781, 2, 20, 47.5635530, -122.0828472, 10, 0.41, 125.9, 147, 63, 119
434271562, 2, 20, 47.5635525, -122.0828465, 10, 0.37, 121.2, 147, 62, 119
434472230, 2, 20, 47.5635520, -122.0828459, 10, 0.40, 125.1, 147, 62, 119
434672959, 2, 20, 47.5635520, -122.0828452, 10, 0.37, 125.4, 147, 61, 118
434873661, 2, 20, 47.5635519, -122.0828448, 10, 0.30, 112.1, 147, 61, 118
435074399, 2, 20, 47.5635519, -122.0828444, 10, 0.21, 107.9, 147, 61, 118
435275156, 2, 20, 47.5635519, -122.0828443, 10, 0.20, 107.9, 147, 61, 117
435475910, 2, 20, 47.5635519, -122.0828440, 10, 0.20, 107.9, 147, 60, 117
435676653, 2, 20, 47.5635519, -122.0828436, 10, 0.24, 98.0, 147, 60, 117
435877404, 2, 20, 47.5635517, -122.0828431, 10, 0.24, 95.1, 147, 60, 116
435899478, 2, 20, 47.5635517, -122.0828431, 10, 0.30, 96.4, 147, 60, 116
436078075, 2, 20, 47.5635519, -122.0828430, 10, 0.30, 96.4, 147, 60, 116
436278837, 2, 20, 47.5635517, -122.0828422, 10, 0.25, 92.9, 147, 59, 117
436479606, 2, 20, 47.5635518, -122.0828417, 10, 0.38, 100.2, 147, 59, 117
436700476, 2, 20, 47.5635518, -122.0828408, 10, 0.34, 100.6, 147, 59, 117
436881120, 2, 20, 47.5635518, -122.0828401, 10, 0.34, 100.6, 147, 59, 117
437082031, 2, 20, 47.5635517, -122.0828391, 10, 0.27, 97.2, 147, 59, 117
437282151, 2, 20, 47.5635517, -122.0828388, 10, 0.29, 98.3, 147, 59, 116
437482898, 2, 20, 47.5635518, -122.0828383, 10, 0.21, 97.0, 147, 58, 115
437683650, 2, 20, 47.5635516, -122.0828377, 10, 0.24, 98.0, 147, 58, 115
437884333, 2, 20, 47.5635513, -122.0828373, 10, 0.29, 100.5, 147, 58, 115
438085164, 2, 20, 47.5635512, -122.0828368, 10, 0.21, 100.1, 147, 58, 115
438285885, 2, 20, 47.5635511, -122.0828365, 10, 0.18, 100.1, 147, 59, 115
438486527, 2, 20, 47.5635509, -122.0828363, 10, 0.12, 100.1, 147, 58, 115
438687305, 2, 20, 47.5635508, -122.0828361, 10, 0.09, 100.1, 147, 58, 115
438888048, 2, 20, 47.5635507, -122.0828358, 10, 0.07, 100.1, 147, 58, 114
439088691, 2, 20, 47.5635506, -122.0828355, 10, 0.12, 100.1, 147, 58, 115
439289443, 2, 20, 47.5635506, -122.0828352, 10, 0.07, 100.1, 147, 58, 115
439490245, 2, 20, 47.5635505, -122.0828349, 10, 0.06, 100.1, 147, 58, 115
439690891, 2, 20, 47.5635505, -122.0828347, 10, 0.05, 100.1, 147, 58, 115
439890916, 2, 20, 47.5635504, -122.0828346, 10, 0.04, 100.1, 147, 58, 115
440011379, 2, 20, 47.5635504, -122.0828346, 10, 0.06, 100.1, 147, 58, 115
440092670, 2, 20, 47.5635503, -122.0828345, 10, 0.06, 100.1, 147, 58, 114
440292484, 2, 20, 47.5635502, -122.0828344, 10, 0.06, 100.1, 147, 58, 114
440493214, 2, 20, 47.5635500, -122.0828343, 10, 0.08, 100.1, 147, 58, 114
440693947, 2, 20, 47.5635498, -122.0828341, 10, 0.07, 100.1, 147, 58, 114
440895699, 2, 20, 47.5635497, -122.0828341, 10, 0.15, 100.1, 147, 58, 113
441095330, 2, 20, 47.5635495, -122.0828340, 10, 0.10, 100.1, 147, 58, 113
441296100, 2, 20, 47.5635492, -122.0828338, 10, 0.13, 100.1, 147, 58, 113
441496893, 2, 20, 47.5635490, -122.0828335, 10, 0.16, 100.1, 147, 58, 113
441698582, 2, 20, 47.5635487, -122.0828330, 10, 0.13, 100.1, 147, 58, 113
441898301, 2, 20, 47.5635484, -122.0828324, 10, 0.20, 102.9, 147, 58, 113
442099056, 2, 20, 47.5635483, -122.0828320, 10, 0.24, 109.4, 147, 58, 112
442299763, 2, 20, 47.5635480, -122.0828316, 10, 0.17, 109.4, 147, 57, 112
442501522, 2, 20, 47.5635478, -122.0828312, 10, 0.18, 109.4, 147, 57, 112
442701255, 2, 20, 47.5635476, -122.0828308, 10, 0.19, 109.4, 147, 57, 112
442901989, 2, 20, 47.5635474, -122.0828303, 10, 0.16, 109.4, 147, 58, 113
443102987, 2, 20, 47.5635473, -122.0828300, 10, 0.17, 109.4, 147, 58, 113
443302830, 2, 20, 47.5635471, -122.0828299, 10, 0.19, 109.4, 147, 58, 113
443503546, 2, 20, 47.5635470, -122.0828298, 10, 0.18, 109.4, 147, 58, 113
443704204, 2, 20, 47.5635468, -122.0828296, 10, 0.21, 112.7, 147, 58, 113
443904943, 2, 20, 47.5635466, -122.0828291, 10, 0.23, 110.7, 147, 58, 112
444105700, 2, 20, 47.5635465, -122.0828284, 10, 0.26, 111.4, 147, 58, 112
444122751, 2, 20, 47.5635465, -122.0828284, 10, 0.26, 111.4, 147, 58, 112
444306403, 2, 20, 47.5635464, -122.0828280, 10, 0.29, 109.2, 147, 57, 112
444507188, 2, 20, 47.5635461, -122.0828277, 10, 0.23, 113.1, 147, 57, 112
444707944, 2, 20, 47.5635460, -122.0828278, 10, 0.24, 118.3, 147, 57, 111
444908652, 2, 20, 47.5635459, -122.0828285, 10, 0.10, 118.3, 147, 57, 111
445108738, 2, 20, 47.5635459, -122.0828291, 10, 0.12, 118.3, 147, 57, 111
445309476, 2, 20, 47.5635458, -122.0828297, 10, 0.16, 118.3, 147, 57, 111
445510243, 2, 20, 47.5635458, -122.0828303, 10, 0.18, 118.3, 147, 57, 111
445710955, 2, 20, 47.5635457, -122.0828309, 10, 0.16, 118.3, 147, 57, 111
445911689, 2, 20, 47.5635455, -122.0828313, 10, 0.16, 118.3, 147, 57, 110
446112421, 2, 20, 47.5635453, -122.0828318, 10, 0.24, 166.3, 147, 56, 110
446313082, 2, 20, 47.5635449, -122.0828323, 10, 0.20, 166.3, 147, 56, 110
446513874, 2, 20, 47.5635448, -122.0828328, 10, 0.25, 195.4, 147, 56, 110
446714592, 2, 20, 47.5635447, -122.0828334, 10, 0.19, 195.4, 147, 56, 110
446915254, 2, 20, 47.5635449, -122.0828343, 10, 0.20, 227.5, 147, 56, 110
447115970, 2, 20, 47.5635453, -122.0828353, 10, 0.36, 291.8, 147, 56, 110
447316748, 2, 20, 47.5635457, -122.0828362, 10, 0.36, 291.8, 147, 56, 110
447517494, 2, 20, 47.5635461, -122.0828374, 10, 0.45, 298.1, 147, 56, 110
447718263, 2, 20, 47.5635466, -122.0828384, 10, 0.45, 297.3, 147, 56, 110
447898938, 2, 19, 47.5635466, -122.0828384, 10, 0.41, 302.0, 164, 56, 110
447918999, 2, 19, 47.5635468, -122.0828396, 10, 0.40, 296.5, 164, 56, 110
448119703, 2, 19, 47.5635472, -122.0828404, 10, 0.40, 296.5, 164, 56, 110
448234147, 2, 19, 47.5635472, -122.0828404, 10, 0.32, 302.1, 164, 56, 110
448320459, 2, 19, 47.5635473, -122.0828414, 10, 0.25, 296.8, 164, 56, 110
448501069, 2, 20, 47.5635473, -122.0828414, 10, 0.25, 296.8, 147, 56, 110
448521131, 2, 20, 47.5635477, -122.0828426, 10, 0.41, 298.6, 147, 56, 110
448721776, 2, 20, 47.5635479, -122.0828431, 10, 0.21, 298.1, 147, 56, 110
448922595, 2, 20, 47.5635481, -122.0828439, 10, 0.21, 298.1, 147, 56, 110
449122389, 2, 20, 47.5635483, -122.0828447, 10, 0.22, 288.6, 147, 56, 110
449323062, 2, 20, 47.5635484, -122.0828454, 10, 0.22, 283.2, 147, 56, 110
449523819, 2, 20, 47.5635485, -122.0828461, 10, 0.30, 280.9, 147, 56, 110
449724611, 2, 20, 47.5635484, -122.0828466, 10, 0.23, 279.2, 147, 56, 110
449924734, 2, 20, 47.5635483, -122.0828469, 10, 0.21, 275.3, 147, 56, 110
450124753, 2, 20, 47.5635483, -122.0828473, 10, 0.20, 275.3, 147, 56, 111
450325651, 2, 20, 47.5635483, -122.0828477, 10, 0.20, 275.3, 147, 56, 111
450526308, 2, 20, 47.5635483, -122.0828481, 10, 0.20, 275.3, 147, 56, 111
450727229, 2, 20, 47.5635482, -122.0828483, 10, 0.20, 275.3, 147, 56, 111
450927178, 2, 20, 47.5635480, -122.0828487, 10, 0.16, 275.3, 147, 56, 111
451127923, 2, 20, 47.5635478, -122.0828490, 10, 0.16, 275.3, 147, 56, 111
451328598, 2, 20, 47.5635475, -122.0828492, 10, 0.21, 275.3, 147, 56, 111
451529347, 2, 20, 47.5635472, -122.0828493, 10, 0.19, 275.3, 147, 56, 110
451730143, 2, 20, 47.5635470, -122.0828495, 10, 0.19, 275.3, 147, 56, 110
451930794, 2, 20, 47.5635466, -122.0828494, 10, 0.22, 275.3, 147, 56, 110
452131574, 2, 20, 47.5635462, -122.0828497, 10, 0.22, 275.3, 147, 56, 110
452332306, 2, 20, 47.5635458, -122.0828497, 10, 0.22, 275.3, 147, 56, 110
452346355, 2, 20, 47.5635458, -122.0828497, 10, 0.22, 275.3, 147, 56, 110
452533002, 2, 20, 47.5635453, -122.0828499, 10, 0.30, 219.9, 147, 56, 110
452733788, 2, 20, 47.5635447, -122.0828498, 10, 0.30, 219.9, 147, 56, 109
452934560, 2, 20, 47.5635441, -122.0828498, 10, 0.32, 195.3, 147, 56, 110
453135330, 2, 20, 47.5635434, -122.0828495, 10, 0.42, 179.1, 147, 56, 110
453336077, 2, 20, 47.5635428, -122.0828496, 10, 0.34, 181.0, 147, 56, 110
453536150, 2, 20, 47.5635420, -122.0828492, 10, 0.40, 168.8, 147, 56, 110
453736133, 2, 20, 47.5635412, -122.0828491, 10, 0.40, 168.8, 147, 56, 109
453936015, 2, 20, 47.5635404, -122.0828485, 10, 0.44, 164.8, 147, 56, 110
454136781, 2, 20, 47.5635396, -122.0828480, 10, 0.47, 161.5, 147, 56, 110
454337523, 2, 20, 47.5635389, -122.0828470, 10, 0.53, 146.2, 147, 56, 110
454538264, 2, 20, 47.5635383, -122.0828455, 10, 0.57, 132.8, 147, 56, 110
454739003, 2, 20, 47.5635380, -122.0828437, 10, 0.57, 132.8, 147, 56, 110
454939722, 2, 20, 47.5635382, -122.0828420, 10, 0.62, 97.6, 147, 56, 110
455140435, 2, 20, 47.5635388, -122.0828403, 10, 0.71, 77.6, 147, 56, 110
455340521, 2, 20, 47.5635400, -122.0828386, 10, 0.85, 58.1, 147, 56, 110
455541305, 2, 20, 47.5635412, -122.0828370, 10, 0.88, 49.0, 147, 56, 110
455742008, 2, 20, 47.5635428, -122.0828358, 10, 0.92, 37.7, 147, 56, 110
455942755, 2, 20, 47.5635444, -122.0828352, 10, 0.89, 27.3, 147, 56, 110
456143512, 2, 20, 47.5635459, -122.0828348, 10, 0.87, 17.6, 147, 56, 110
456344278, 2, 20, 47.5635475, -122.0828354, 10, 0.87, 1.3, 147, 56, 111
456458660, 2, 20, 47.5635475, -122.0828354, 10, 0.87, 1.3, 147, 56, 111
456544957, 2, 20, 47.5635491, -122.0828366, 10, 0.93, 346.3, 147, 56, 111
456745714, 2, 20, 47.5635501, -122.0828376, 10, 0.62, 339.7, 147, 56, 111
456946395, 2, 20, 47.5635506, -122.0828391, 10, 0.62, 320.0, 147, 56, 111
457147182, 2, 20, 47.5635504, -122.0828405, 10, 0.56, 290.1, 147, 56, 111
457347102, 2, 20, 47.5635498, -122.0828422, 10, 0.70, 261.0, 147, 57, 111
457547248, 2, 20, 47.5635491, -122.0828439, 10, 0.76, 243.6, 147, 57, 111
457748003, 2, 20, 47.5635480, -122.0828452, 10, 0.87, 230.3, 147, 56, 110
457948623, 2, 20, 47.5635469, -122.0828464, 10, 0.85, 223.6, 147, 57, 110
458149410, 2, 20, 47.5635458, -122.0828477, 10, 0.84, 220.9, 147, 57, 111
458350150, 2, 20, 47.5635450, -122.0828486, 10, 0.69, 222.2, 147, 57, 111
458550773, 2, 20, 47.5635445, -122.0828500, 10, 0.65, 230.0, 147, 56, 110
458750718, 2, 20, 47.5635442, -122.0828514, 10, 0.57, 236.6, 147, 56, 111
458950828, 2, 20, 47.5635442, -122.0828525, 10, 0.57, 236.6, 147, 56, 110
459151628, 2, 20, 47.5635446, -122.0828535, 10, 0.46, 274.9, 147, 56, 110
459351728, 2, 20, 47.5635447, -122.0828540, 10, 0.29, 278.8, 147, 56, 110
459552485, 2, 20, 47.5635451, -122.0828541, 10, 0.17, 278.8, 147, 56, 110
459753098, 2, 20, 47.5635454, -122.0828537, 10, 0.16, 278.8, 147, 56, 111
459952973, 2, 20, 47.5635458, -122.0828532, 10, 0.22, 278.8, 147, 56, 111
460153721, 2, 20, 47.5635458, -122.0828527, 10, 0.19, 278.8, 147, 56, 111
460354395, 2, 20, 47.5635461, -122.0828520, 10, 0.26, 332.3, 147, 56, 111
460556135, 2, 20, 47.5635463, -122.0828513, 10, 0.25, 22.5, 147, 56, 112
460571164, 2, 20, 47.5635463, -122.0828513, 10, 0.25, 22.5, 147, 56, 112
460755884, 2, 20, 47.5635465, -122.0828502, 10, 0.32, 56.6, 147, 56, 112
460956534, 2, 20, 47.5635466, -122.0828494, 10, 0.25, 64.1, 147, 57, 113
461157254, 2, 20, 47.5635468, -122.0828486, 10, 0.25, 64.1, 147, 57, 113
461359039, 2, 20, 47.5635469, -122.0828481, 10, 0.30, 77.3, 147, 56, 113
461558771, 2, 20, 47.5635470, -122.0828472, 10, 0.33, 81.4, 147, 56, 113
461759509, 2, 20, 47.5635468, -122.0828465, 10, 0.31, 83.5, 147, 56, 113
461960263, 2, 20, 47.5635470, -122.0828456, 10, 0.37, 81.0, 147, 57, 113
462161996, 2, 20, 47.5635472, -122.0828449, 10, 0.26, 82.6, 147, 57, 114
462361706, 2, 20, 47.5635474, -122.0828438, 10, 0.42, 76.0, 147, 57, 114
462562462, 2, 20, 47.5635479, -122.0828433, 10, 0.29, 66.1, 147, 57, 113
462763140, 2, 20, 47.5635482, -122.0828425, 10, 0.29, 66.1, 147, 57, 113
462964889, 2, 20, 47.5635487, -122.0828415, 10, 0.42, 52.6, 147, 57, 113
463164609, 2, 20, 47.5635492, -122.0828408, 10, 0.34, 47.3, 147, 57, 113
463365339, 2, 20, 47.5635498, -122.0828399, 10, 0.43, 47.9, 147, 57, 113
463566101, 2, 20, 47.5635504, -122.0828391, 10, 0.40, 41.8, 147, 57, 113
463767846, 2, 20, 47.5635509, -122.0828383, 10, 0.34, 43.2, 147, 57, 113
463967594, 2, 20, 47.5635515, -122.0828377, 10, 0.33, 38.3, 147, 57, 113
464168274, 2, 20, 47.5635517, -122.0828370, 10, 0.23, 38.3, 147, 57, 114
464369079, 2, 20, 47.5635520, -122.0828365, 10, 0.19, 38.3, 147, 57, 114
464570810, 2, 20, 47.5635522, -122.0828360, 10, 0.20, 38.3, 147, 57, 114
464682259, 2, 20, 47.5635522, -122.0828360, 10, 0.20, 38.3, 147, 57, 114
464770590, 2, 20, 47.5635524, -122.0828355, 10, 0.15, 38.3, 147, 57, 114
464971368, 2, 20, 47.5635525, -122.0828351, 10, 0.15, 38.3, 148, 57, 114
465172135, 2, 20, 47.5635526, -122.0828345, 10, 0.23, 38.3, 148, 57, 114
465373810, 2, 20, 47.5635526, -122.0828338, 10, 0.15, 38.3, 148, 57, 114
465573539, 2, 20, 47.5635527, -122.0828333, 10, 0.15, 38.3, 148, 57, 114
465774223, 2, 20, 47.5635527, -122.0828328, 10, 0.15, 38.3, 148, 57, 113
465975021, 2, 20, 47.5635526, -122.0828322, 10, 0.19, 38.3, 148, 57, 113
466176806, 2, 20, 47.5635526, -122.0828316, 10, 0.17, 38.3, 148, 57, 113
466376499, 2, 20, 47.5635527, -122.0828308, 10, 0.20, 38.3, 148, 57, 113
466577206, 2, 20, 47.5635526, -122.0828301, 10, 0.18, 38.3, 148, 56, 112
466777978, 2, 20, 47.5635525, -122.0828294, 10, 0.19, 38.3, 148, 56, 112
466979631, 2, 20, 47.5635526, -122.0828286, 10, 0.17, 38.3, 148, 56, 112
467179359, 2, 20, 47.5635526, -122.0828276, 10, 0.29, 72.5, 148, 56, 111
467380152, 2, 20, 47.5635525, -122.0828269, 10, 0.18, 83.2, 148, 56, 111
467580817, 2, 20, 47.5635525, -122.0828261, 10, 0.30, 96.5, 148, 56, 111
467780756, 2, 20, 47.5635524, -122.0828251, 10, 0.31, 102.8, 148, 55, 110
467981648, 2, 20, 47.5635523, -122.0828244, 10, 0.24, 103.7, 148, 56, 110
468181628, 2, 20, 47.5635521, -122.0828236, 10, 0.31, 107.8, 148, 56, 110
468382428, 2, 20, 47.5635520, -122.0828228, 10, 0.24, 106.9, 148, 56, 110
468583051, 2, 20, 47.5635518, -122.0828218, 10, 0.29, 107.1, 148, 56, 110
468783799, 2, 20, 47.5635516, -122.0828211, 10, 0.17, 107.1, 148, 56, 110
468793839, 2, 20, 47.5635516, -122.0828211, 10, 0.17, 107.1, 148, 56, 110
468984587, 2, 20, 47.5635515, -122.0828207, 10, 0.13, 107.1, 148, 56, 110
469185282, 2, 20, 47.5635515, -122.0828204, 10, 0.06, 107.1, 148, 56, 110
469386232, 2, 20, 47.5635514, -122.0828203, 10, 0.06, 107.1, 148, 56, 110
469586120, 2, 20, 47.5635514, -122.0828206, 10, 0.16, 107.1, 148, 56, 110
469786910, 2, 20, 47.5635515, -122.0828209, 10, 0.23, 179.7, 148, 56, 110
469987608, 2, 20, 47.5635517, -122.0828215, 10, 0.35, 253.1, 148, 55, 110
470188423, 2, 20, 47.5635519, -122.0828223, 10, 0.39, 271.5, 148, 56, 110
470389140, 2, 20, 47.5635519, -122.0828232, 10, 0.51, 275.6, 148, 56, 110
470569749, 2, 20, 47.5635521, -122.0828239, 10, 0.51, 275.6, 148, 55, 110
470790595, 2, 20, 47.5635522, -122.0828250, 10, 0.45, 277.6, 148, 55, 110
470991436, 2, 20, 47.5635524, -122.0828262, 10, 0.55, 279.0, 148, 55, 110
471192186, 2, 20, 47.5635527, -122.0828275, 10, 0.49, 277.6, 148, 55, 110
471392845, 2, 20, 47.5635526, -122.0828284, 10, 0.38, 272.3, 148, 55, 110
471593540, 2, 20, 47.5635526, -122.0828297, 10, 0.56, 270.7, 148, 55, 110
471794258, 2, 20, 47.5635524, -122.0828307, 10, 0.45, 266.6, 148, 55, 110
471974922, 2, 20, 47.5635523, -122.0828316, 10, 0.45, 266.6, 148, 55, 110
472194292, 2, 20, 47.5635522, -122.0828325, 10, 0.41, 259.7, 148, 55, 110
472395009, 2, 20, 47.5635520, -122.0828336, 10, 0.45, 258.6, 148, 55, 110
472595833, 2, 20, 47.5635517, -122.0828346, 10, 0.49, 256.1, 148, 55, 110
472796629, 2, 20, 47.5635515, -122.0828356, 10, 0.44, 257.7, 148, 56, 110
472905972, 2, 20, 47.5635515, -122.0828356, 10, 0.44, 257.7, 148, 56, 110
472997284, 2, 20, 47.5635515, -122.0828368, 10, 0.38, 258.7, 148, 55, 110
473198042, 2, 20, 47.5635514, -122.0828376, 10, 0.39, 257.9, 148, 56, 110
473378663, 2, 20, 47.5635512, -122.0828385, 10, 0.39, 257.9, 148, 56, 110
473579478, 2, 19, 47.5635512, -122.0828394, 10, 0.41, 258.8, 164, 56, 111
473780257, 2, 19, 47.5635510, -122.0828400, 10, 0.37, 260.0, 164, 56, 111
473980923, 2, 19, 47.5635508, -122.0828408, 10, 0.30, 255.7, 164, 56, 111
474181741, 2, 19, 47.5635508, -122.0828411, 10, 0.40, 258.1, 164, 56, 111
474402552, 2, 19, 47.5635505, -122.0828416, 10, 0.31, 248.1, 164, 56, 111
474583181, 2, 19, 47.5635504, -122.0828420, 10, 0.31, 248.1, 164, 55, 110
474784007, 2, 19, 47.5635501, -122.0828424, 10, 0.26, 246.8, 164, 55, 110
474984748, 2, 19, 47.5635500, -122.0828427, 10, 0.29, 240.4, 164, 55, 109
475185407, 2, 19, 47.5635496, -122.0828434, 10, 0.27, 237.9, 164, 55, 109
475386200, 2, 19, 47.5635494, -122.0828441, 10, 0.32, 229.6, 164, 55, 109
475586933, 2, 19, 47.5635491, -122.0828445, 10, 0.28, 229.3, 164, 54, 109
475787703, 2, 19, 47.5635487, -122.0828451, 10, 0.30, 226.2, 164, 54, 109
475988393, 2, 19, 47.5635484, -122.0828457, 10, 0.31, 221.6, 164, 54, 109
476189160, 2, 19, 47.5635481, -122.0828465, 10, 0.27, 217.8, 164, 54, 109
476389870, 2, 19, 47.5635478, -122.0828468, 10, 0.29, 221.4, 164, 54, 109
476590649, 2, 19, 47.5635476, -122.0828472, 10, 0.27, 220.3, 164, 54, 109
476791468, 2, 19, 47.5635471, -122.0828475, 10, 0.23, 220.3, 164, 55, 109
476992259, 2, 19, 47.5635467, -122.0828477, 10, 0.29, 220.3, 164, 55, 109
477017344, 2, 19, 47.5635467, -122.0828477, 10, 0.24, 220.3, 164, 55, 109
477192866, 2, 19, 47.5635463, -122.0828480, 10, 0.24, 220.3, 164, 56, 110
477413057, 2, 19, 47.5635458, -122.0828482, 10, 0.28, 210.4, 164, 56, 110
477593702, 2, 19, 47.5635454, -122.0828487, 10, 0.28, 210.4, 164, 56, 111
477794478, 2, 19, 47.5635449, -122.0828489, 10, 0.29, 209.4, 164, 57, 111
477995167, 2, 19, 47.5635444, -122.0828489, 10, 0.27, 209.4, 164, 57, 111
478195916, 2, 19, 47.5635439, -122.0828486, 10, 0.30, 196.3, 164, 58, 111
478396735, 2, 19, 47.5635433, -122.0828476, 10, 0.28, 176.7, 164, 58, 112
478597398, 2, 19, 47.5635432, -122.0828471, 10, 0.48, 147.7, 164, 58, 112
478798163, 2, 19, 47.5635431, -122.0828456, 10, 0.32, 141.9, 164, 59, 112
478998912, 2, 19, 47.5635431, -122.0828443, 10, 0.46, 113.4, 164, 59, 112
479199577, 2, 19, 47.5635434, -122.0828429, 10, 0.52, 104.2, 164, 59, 113
479400340, 2, 19, 47.5635443, -122.0828416, 10, 0.47, 90.5, 164, 59, 112
479601057, 2, 20, 47.5635452, -122.0828395, 10, 0.62, 67.5, 148, 59, 112
479821818, 2, 20, 47.5635466, -122.0828377, 10, 0.93, 47.3, 148, 59, 112
480002490, 2, 20, 47.5635479, -122.0828358, 10, 0.93, 47.3, 148, 59, 112
480203252, 2, 20, 47.5635495, -122.0828342, 10, 1.06, 43.0, 148, 59, 112
480403968, 2, 20, 47.5635511, -122.0828326, 10, 1.07, 41.2, 148, 59, 112
480604722, 2, 20, 47.5635530, -122.0828311, 10, 1.10, 37.7, 148, 59, 112
480805496, 2, 20, 47.5635546, -122.0828296, 10, 1.18, 33.9, 148, 59, 112
481006263, 2, 20, 47.5635562, -122.0828282, 10, 1.09, 33.1, 148, 58, 112
481128705, 2, 20, 47.5635562, -122.0828282, 10, 1.09, 31.9, 148, 58, 112
481206974, 2, 20, 47.5635574, -122.0828269, 10, 1.09, 31.9, 148, 58, 112
481407722, 2, 20, 47.5635584, -122.0828257, 10, 0.92, 33.4, 148, 58, 112
481608437, 2, 20, 47.5635592, -122.0828250, 10, 0.75, 35.1, 148, 58, 112
481809158, 2, 20, 47.5635599, -122.0828248, 10, 0.52, 35.0, 148, 59, 112
482009026, 2, 20, 47.5635603, -122.0828250, 10, 0.36, 31.9, 148, 59, 112
482209998, 2, 20, 47.5635605, -122.0828255, 10, 0.19, 31.9, 148, 58, 112
482410668, 2, 20, 47.5635606, -122.0828261, 10, 0.11, 31.9, 148, 58, 112
482611425, 2, 20, 47.5635605, -122.0828268, 10, 0.12, 31.9, 148, 58, 112
482812190, 2, 20, 47.5635604, -122.0828274, 10, 0.20, 31.9, 148, 58, 113
483012247, 2, 20, 47.5635602, -122.0828282, 10, 0.24, 335.4, 148, 58, 112
483212949, 2, 20, 47.5635597, -122.0828286, 10, 0.30, 261.4, 148, 58, 112
483413752, 2, 20, 47.5635592, -122.0828286, 10, 0.31, 227.7, 148, 58, 112
483614543, 2, 20, 47.5635586, -122.0828287, 10, 0.38, 193.2, 148, 58, 112
483815231, 2, 20, 47.5635578, -122.0828283, 10, 0.38, 183.9, 148, 58, 112
484015224, 2, 20, 47.5635572, -122.0828282, 10, 0.46, 169.4, 148, 58, 112
484216215, 2, 20, 47.5635567, -122.0828281, 10, 0.26, 171.0, 148, 58, 112
484416095, 2, 20, 47.5635560, -122.0828278, 10, 0.40, 156.1, 148, 58, 112
484616835, 2, 20, 47.5635552, -122.0828272, 10, 0.45, 157.6, 148, 58, 112
484817517, 2, 20, 47.5635547, -122.0828267, 10, 0.52, 150.7, 148, 58, 112
485018268, 2, 20, 47.5635542, -122.0828259, 10, 0.45, 141.9, 148, 58, 111
485219059, 2, 20, 47.5635537, -122.0828251, 10, 0.45, 137.0, 148, 58, 111
485241129, 2, 20, 47.5635537, -122.0828251, 10, 0.49, 137.6, 148, 58, 111
485419689, 2, 20, 47.5635533, -122.0828242, 10, 0.49, 137.6, 148, 57, 111
485620441, 2, 20, 47.5635530, -122.0828235, 10, 0.53, 129.1, 148, 57, 111
485821253, 2, 20, 47.5635527, -122.0828225, 10, 0.44, 124.8, 148, 57, 111
486021939, 2, 20, 47.5635524, -122.0828219, 10, 0.47, 114.8, 148, 57, 111
486222665, 2, 20, 47.5635521, -122.0828214, 10, 0.42, 121.1, 148, 56, 111
486423468, 2, 20, 47.5635517, -122.0828218, 10, 0.24, 126.1, 148, 56, 110
486624149, 2, 20, 47.5635515, -122.0828225, 10, 0.21, 126.1, 148, 56, 110
486824857, 2, 20, 47.5635516, -122.0828238, 10, 0.31, 188.3, 148, 56, 110
487025610, 2, 20, 47.5635516, -122.0828259, 10, 0.41, 250.4, 148, 56, 110
487226328, 2, 20, 47.5635519, -122.0828280, 10, 0.68, 260.9, 148, 56, 110
487427174, 2, 20, 47.5635521, -122.0828299, 10, 0.71, 270.7, 148, 56, 110
487627216, 2, 20, 47.5635524, -122.0828321, 9, 0.74, 275.2, 148, 56, 110
487828215, 2, 20, 47.5635526, -122.0828343, 9, 0.79, 279.5, 148, 56, 110
488028995, 2, 20, 47.5635529, -122.0828365, 9, 0.79, 280.5, 148, 56, 110
488229666, 2, 20, 47.5635532, -122.0828386, 9, 0.84, 280.5, 148, 56, 109
488430436, 2, 20, 47.5635533, -122.0828408, 9, 0.75, 282.0, 148, 56, 109
488631169, 2, 20, 47.5635536, -122.0828427, 9, 0.76, 278.9, 148, 56, 109
488831878, 2, 20, 47.5635537, -122.0828448, 9, 0.60, 278.6, 148, 56, 109
489032654, 2, 20, 47.5635539, -122.0828470, 9, 0.72, 276.0, 148, 56, 109
489233443, 2, 20, 47.5635540, -122.0828491, 9, 0.77, 280.4, 148, 56, 109
489352873, 2, 20, 47.5635540, -122.0828491, 9, 0.72, 277.2, 148, 56, 109
489434176, 2, 20, 47.5635543, -122.0828507, 9, 0.72, 277.2, 148, 56, 108
489634920, 2, 20, 47.5635546, -122.0828521, 9, 0.60, 282.4, 148, 56, 108
489835683, 2, 20, 47.5635547, -122.0828528, 9, 0.42, 285.4, 148, 56, 108
490036251, 2, 20, 47.5635548, -122.0828528, 9, 0.24, 288.0, 148, 56, 107
490237078, 2, 20, 47.5635549, -122.0828522, 9, 0.11, 288.0, 148, 55, 107
490436848, 2, 20, 47.5635550, -122.0828517, 9, 0.21, 288.0, 148, 55, 107
490637524, 2, 20, 47.5635549, -122.0828511, 9, 0.29, 7.0, 148, 55, 107
490838306, 2, 20, 47.5635550, -122.0828495, 9, 0.31, 48.2, 148, 55, 107
491038333, 2, 20, 47.5635550, -122.0828484, 9, 0.38, 64.9, 148, 55, 107
491239135, 2, 20, 47.5635549, -122.0828471, 9, 0.42, 75.1, 148, 55, 107
491439809, 2, 20, 47.5635548, -122.0828462, 9, 0.43, 80.9, 148, 55, 106
491620472, 2, 19, 47.5635548, -122.0828462, 9, 0.34, 81.2, 151, 55, 106
491640556, 2, 19, 47.5635548, -122.0828449, 9, 0.34, 81.2, 151, 55, 106
491821281, 2, 20, 47.5635548, -122.0828449, 9, 0.48, 84.3, 148, 55, 106
491841324, 2, 20, 47.5635547, -122.0828434, 9, 0.48, 84.3, 148, 55, 106
492041987, 2, 20, 47.5635546, -122.0828420, 9, 0.51, 89.8, 148, 55, 106
492242768, 2, 20, 47.5635545, -122.0828403, 9, 0.54, 88.1, 148, 55, 106
492443547, 2, 20, 47.5635544, -122.0828387, 9, 0.65, 93.6, 148, 55, 107
492644246, 2, 20, 47.5635544, -122.0828372, 9, 0.55, 92.8, 148, 55, 107
492845012, 2, 20, 47.5635543, -122.0828354, 9, 0.56, 90.1, 148, 55, 107
493045754, 2, 20, 47.5635540, -122.0828334, 9, 0.63, 91.4, 148, 55, 107
493246491, 2, 20, 47.5635540, -122.0828319, 9, 0.57, 96.5, 148, 55, 107
493447243, 2, 20, 47.5635540, -122.0828311, 9, 0.50, 92.6, 148, 55, 107
493464303, 2, 20, 47.5635540, -122.0828311, 9, 0.50, 92.6, 148, 55, 107
493648009, 2, 20, 47.5635539, -122.0828307, 9, 0.32, 89.4, 148, 55, 107
493848719, 2, 20, 47.5635538, -122.0828307, 9, 0.13, 89.4, 148, 56, 107
494049450, 2, 20, 47.5635537, -122.0828312, 9, 0.07, 89.4, 148, 56, 107
494250246, 2, 20, 47.5635536, -122.0828325, 9, 0.24, 24.5, 148, 56, 107
494450915, 2, 20, 47.5635531, -122.0828341, 9, 0.45, 285.1, 148, 56, 107
494651651, 2, 20, 47.5635529, -122.0828358, 9, 0.60, 261.9, 148, 56, 107
494852419, 2, 20, 47.5635526, -122.0828375, 9, 0.63, 260.7, 148, 56, 107
495053086, 2, 20, 47.5635521, -122.0828390, 9, 0.63, 253.1, 148, 56, 107
495253839, 2, 20, 47.5635516, -122.0828409, 9, 0.76, 253.8, 148, 56, 107
495454631, 2, 20, 47.5635510, -122.0828425, 9, 0.70, 249.7, 148, 56, 107
495655351, 2, 20, 47.5635506, -122.0828443, 9, 0.72, 252.9, 148, 57, 107
495836034, 2, 19, 47.5635506, -122.0828443, 9, 0.72, 252.9, 148, 57, 107
495856121, 2, 19, 47.5635502, -122.0828462, 9, 0.76, 250.8, 148, 57, 108
496056854, 2, 19, 47.5635501, -122.0828474, 9, 0.76, 250.8, 148, 57, 108
496237476, 2, 20, 47.5635501, -122.0828474, 9, 0.53, 256.5, 148, 57, 108
496257525, 2, 20, 47.5635500, -122.0828490, 9, 0.46, 257.8, 148, 57, 107
496458303, 2, 20, 47.5635498, -122.0828503, 9, 0.45, 262.7, 148, 57, 107
496659072, 2, 20, 47.5635500, -122.0828511, 9, 0.30, 271.8, 148, 56, 107
496859752, 2, 20, 47.5635504, -122.0828517, 9, 0.32, 290.6, 148, 57, 107
497060515, 2, 20, 47.5635506, -122.0828520, 9, 0.27, 300.8, 148, 57, 108
497261259, 2, 20, 47.5635509, -122.0828524, 9, 0.25, 305.8, 148, 57, 108
497461927, 2, 20, 47.5635511, -122.0828524, 9, 0.21, 305.8, 148, 57, 108
497575390, 2, 20, 47.5635511, -122.0828524, 9, 0.21, 305.8, 148, 57, 108
497662705, 2, 20, 47.5635513, -122.0828523, 9, 0.16, 305.8, 148, 57, 108
497863452, 2, 20, 47.5635515, -122.0828521, 9, 0.20, 305.8, 148, 57, 108
498084178, 2, 20, 47.5635519, -122.0828517, 10, 0.20, 305.8, 148, 57, 108
498264895, 2, 20, 47.5635522, -122.0828514, 9, 0.18, 305.8, 148, 57, 108
498465661, 2, 20, 47.5635524, -122.0828511, 10, 0.19, 305.8, 148, 57, 108
498666284, 2, 20, 47.5635526, -122.0828506, 10, 0.19, 305.8, 148, 58, 108
498866967, 2, 20, 47.5635530, -122.0828500, 10, 0.27, 358.0, 148, 58, 108
499067773, 2, 20, 47.5635531, -122.0828493, 10, 0.20, 358.0, 148, 58, 108
499268374, 2, 20, 47.5635533, -122.0828484, 10, 0.29, 36.2, 148, 58, 108
499469149, 2, 20, 47.5635535, -122.0828477, 10, 0.24, 53.3, 148, 58, 109
499669921, 2, 20, 47.5635535, -122.0828467, 10, 0.29, 69.7, 148, 58, 109
499870623, 2, 20, 47.5635535, -122.0828453, 10, 0.36, 81.9, 148, 58, 109
500071410, 2, 20, 47.5635535, -122.0828444, 10, 0.27, 82.6, 148, 58, 109
500272139, 2, 20, 47.5635535, -122.0828433, 10, 0.30, 87.0, 148, 58, 109
500472793, 2, 20, 47.5635534, -122.0828421, 10, 0.32, 93.1, 148, 58, 109
500673497, 2, 20, 47.5635532, -122.0828407, 10, 0.44, 98.3, 148, 59, 110
500874256, 2, 20, 47.5635531, -122.0828397, 10, 0.35, 99.0, 148, 59, 110
501074931, 2, 20, 47.5635529, -122.0828384, 10, 0.41, 103.8, 148, 59, 110
501275675, 2, 20, 47.5635528, -122.0828371, 10, 0.44, 102.1, 148, 59, 111
501476413, 2, 20, 47.5635524, -122.0828356, 10, 0.49, 109.2, 148, 59, 111
501677182, 2, 20, 47.5635521, -122.0828338, 10, 0.60, 106.4, 148, 59, 111
501686212, 2, 20, 47.5635521, -122.0828338, 10, 0.60, 106.4, 148, 59, 111
501877920, 2, 20, 47.5635518, -122.0828323, 10, 0.48, 106.8, 148, 59, 111
502058611, 2, 19, 47.5635518, -122.0828323, 10, 0.48, 106.8, 149, 59, 111
502078696, 2, 19, 47.5635516, -122.0828312, 10, 0.32, 107.4, 149, 60, 111
502259302, 2, 20, 47.5635516, -122.0828312, 10, 0.32, 107.4, 148, 60, 111
502279384, 2, 20, 47.5635516, -122.0828304, 10, 0.24, 100.7, 148, 60, 111
502480141, 2, 20, 47.5635515, -122.0828296, 10, 0.19, 100.7, 148, 60, 111
502680919, 2, 20, 47.5635515, -122.0828290, 10, 0.18, 100.7, 148, 60, 112
502881666, 2, 20, 47.5635515, -122.0828285, 10, 0.11, 100.7, 148, 60, 112
503082392, 2, 20, 47.5635515, -122.0828280, 10, 0.11, 100.7, 148, 60, 112
503283164, 2, 20, 47.5635514, -122.0828275, 10, 0.14, 100.7, 148, 60, 112
503483869, 2, 20, 47.5635512, -122.0828270, 10, 0.18, 100.7, 148, 60, 112
503664528, 2, 20, 47.5635511, -122.0828265, 10, 0.18, 100.7, 148, 60, 112
503865339, 2, 20, 47.5635510, -122.0828261, 11, 0.15, 100.7, 148, 60, 112
504066051, 2, 20, 47.5635509, -122.0828258, 11, 0.13, 100.7, 148, 60, 112
504266823, 2, 20, 47.5635510, -122.0828254, 11, 0.04, 100.7, 148, 61, 112
504467567, 2, 20, 47.5635509, -122.0828251, 10, 0.07, 100.7, 148, 61, 112
504668289, 2, 20, 47.5635510, -122.0828249, 10, 0.05, 100.7, 148, 61, 112
504888176, 2, 20, 47.5635509, -122.0828248, 10, 0.03, 100.7, 148, 61, 112
505088932, 2, 20, 47.5635509, -122.0828244, 10, 0.18, 100.7, 148, 61, 112
505269586, 2, 20, 47.5635511, -122.0828244, 10, 0.18, 100.7, 148, 61, 112
505470319, 2, 20, 47.5635510, -122.0828240, 10, 0.02, 100.7, 148, 61, 112
505691121, 2, 20, 47.5635513, -122.0828239, 10, 0.04, 100.7, 148, 61, 113
505797497, 2, 20, 47.5635513, -122.0828239, 10, 0.04, 100.7, 148, 61, 113
505871726, 2, 20, 47.5635512, -122.0828234, 10, 0.04, 100.7, 148, 61, 113
506072640, 2, 20, 47.5635512, -122.0828232, 10, 0.17, 100.7, 148, 61, 113
506273393, 2, 20, 47.5635512, -122.0828229, 10, 0.10, 100.7, 148, 61, 113
506474157, 2, 20, 47.5635510, -122.0828228, 10, 0.10, 100.7, 148, 61, 113
506674902, 2, 20, 47.5635510, -122.0828224, 10, 0.10, 100.7, 148, 61, 113
506875684, 2, 20, 47.5635510, -122.0828221, 10, 0.14, 100.7, 148, 61, 113
507076319, 2, 20, 47.5635511, -122.0828220, 10, 0.07, 100.7, 148, 61, 113
507276110, 2, 20, 47.5635510, -122.0828218, 10, 0.02, 100.7, 148, 61, 113
507476857, 2, 20, 47.5635511, -122.0828216, 10, 0.11, 100.7, 148, 61, 113
507677521, 2, 20, 47.5635513, -122.0828218, 10, 0.06, 100.7, 148, 61, 113
507878268, 2, 20, 47.5635514, -122.0828216, 10, 0.07, 100.7, 148, 61, 113
508099053, 2, 20, 47.5635515, -122.0828216, 10, 0.06, 100.7, 148, 60, 112
508299711, 2, 20, 47.5635515, -122.0828213, 10, 0.03, 100.7, 148, 60, 113
508480432, 2, 20, 47.5635516, -122.0828211, 10, 0.03, 100.7, 148, 60, 113
508681203, 2, 20, 47.5635517, -122.0828212, 10, 0.01, 100.7, 148, 60, 113
508881922, 2, 20, 47.5635519, -122.0828211, 10, 0.10, 100.7, 148, 60, 113
509082638, 2, 20, 47.5635520, -122.0828210, 10, 0.09, 100.7, 148, 60, 113
509283368, 2, 20, 47.5635522, -122.0828210, 10, 0.04, 100.7, 148, 60, 113
509484012, 2, 20, 47.5635523, -122.0828208, 10, 0.07, 100.7, 148, 60, 113
509684728, 2, 20, 47.5635524, -122.0828206, 10, 0.04, 100.7, 148, 60, 114
509885471, 2, 20, 47.5635526, -122.0828206, 10, 0.03, 100.7, 148, 60, 114
509908568, 2, 20, 47.5635526, -122.0828206, 10, 0.00, 100.7, 148, 60, 114
510286935, 2, 20, 47.5635527, -122.0828206, 10, 0.02, 100.7, 148, 59, 113
